ETF_ID,NAME,THEME,ASSET_TYPE,RISK_LEVEL,EXPENSE_LEVEL
KR7069500007,MOCK ETF KR7069500007,채권,ETF,1,mid
KR7069660009,MOCK ETF KR7069660009,국내주식,ETF,3,high
KR7091160002,MOCK ETF KR7091160002,배당,ETF,2,high
KR7091170001,MOCK ETF KR7091170001,부동산,ETF,2,high
KR7091180000,MOCK ETF KR7091180000,채권,ETF,2,low
KR7091220004,MOCK ETF KR7091220004,배당,ETF,2,low
KR7091230003,MOCK ETF KR7091230003,섹터,ETF,4,high
KR7097750004,MOCK ETF KR7097750004,채권,ETF,1,low
KR7098560006,MOCK ETF KR7098560006,배당,ETF,3,mid
KR7099140006,MOCK ETF KR7099140006,해외주식,ETF,5,mid
KR7100910009,MOCK ETF KR7100910009,해외주식,ETF,3,high
KR7101280006,MOCK ETF KR7101280006,부동산,ETF,2,high
KR7102110004,MOCK ETF KR7102110004,배당,ETF,2,low
KR7102780004,MOCK ETF KR7102780004,배당,ETF,1,high
KR7102960002,MOCK ETF KR7102960002,테마,ETF,4,mid
KR7102970001,MOCK ETF KR7102970001,원자재,ETF,5,mid
KR7104520002,MOCK ETF KR7104520002,배당,ETF,3,low
KR7104530001,MOCK ETF KR7104530001,해외주식,ETF,3,low
KR7105010003,MOCK ETF KR7105010003,해외주식,ETF,4,low
KR7105190003,MOCK ETF KR7105190003,국내주식,ETF,3,low
KR7105780001,MOCK ETF KR7105780001,테마,ETF,5,mid
KR7108450008,MOCK ETF KR7108450008,테마,ETF,4,mid
KR7108590001,MOCK ETF KR7108590001,국내주식,ETF,3,mid
KR7114100001,MOCK ETF KR7114100001,채권,ETF,1,mid
KR7114260003,MOCK ETF KR7114260003,테마,ETF,4,low
KR7114460009,MOCK ETF KR7114460009,원자재,ETF,4,low
KR7114470008,MOCK ETF KR7114470008,채권,ETF,1,mid
KR7114800006,MOCK ETF KR7114800006,테마,ETF,4,high
KR7114820004,MOCK ETF KR7114820004,해외주식,ETF,4,high
KR7117460006,MOCK ETF KR7117460006,전략,ETF,3,high
KR7117680009,MOCK ETF KR7117680009,해외주식,ETF,5,low
KR7117690008,MOCK ETF KR7117690008,전략,ETF,3,low
KR7117700005,MOCK ETF KR7117700005,부동산,ETF,3,mid
KR7122090004,MOCK ETF KR7122090004,ESG,ETF,2,high
KR7122260003,MOCK ETF KR7122260003,국내주식,ETF,3,low
KR7122630007,MOCK ETF KR7122630007,ESG,ETF,3,low
KR7123310005,MOCK ETF KR7123310005,전략,ETF,3,high
KR7123320004,MOCK ETF KR7123320004,배당,ETF,3,mid
KR7130680002,MOCK ETF KR7130680002,원자재,ETF,5,mid
KR7130730005,MOCK ETF KR7130730005,섹터,ETF,4,low
KR7131890006,MOCK ETF KR7131890006,테마,ETF,4,high
KR7132030008,MOCK ETF KR7132030008,원자재,ETF,4,high
KR7133690008,MOCK ETF KR7133690008,섹터,ETF,4,high
KR7136340007,MOCK ETF KR7136340007,배당,ETF,1,high
KR7137610002,MOCK ETF KR7137610002,테마,ETF,4,high
KR7137930004,MOCK ETF KR7137930004,ESG,ETF,3,mid
KR7138230008,MOCK ETF KR7138230008,채권,ETF,2,high
KR7138520002,MOCK ETF KR7138520002,채권,ETF,1,high
KR7138530001,MOCK ETF KR7138530001,원자재,ETF,4,high
KR7138540000,MOCK ETF KR7138540000,섹터,ETF,5,mid
KR7138910005,MOCK ETF KR7138910005,해외주식,ETF,4,mid
KR7138920004,MOCK ETF KR7138920004,테마,ETF,5,low
KR7139220008,MOCK ETF KR7139220008,ESG,ETF,3,low
KR7139230007,MOCK ETF KR7139230007,섹터,ETF,5,mid
KR7139240006,MOCK ETF KR7139240006,채권,ETF,2,mid
KR7139250005,MOCK ETF KR7139250005,부동산,ETF,2,high
KR7139260004,MOCK ETF KR7139260004,배당,ETF,2,low
KR7139270003,MOCK ETF KR7139270003,원자재,ETF,4,high
KR7139280002,MOCK ETF KR7139280002,전략,ETF,3,high
KR7139290001,MOCK ETF KR7139290001,해외주식,ETF,4,mid
KR7139310007,MOCK ETF KR7139310007,섹터,ETF,5,mid
KR7139320006,MOCK ETF KR7139320006,국내주식,ETF,3,mid
KR7139660005,MOCK ETF KR7139660005,테마,ETF,4,high
KR7140570003,MOCK ETF KR7140570003,국내주식,ETF,3,high
KR7140580002,MOCK ETF KR7140580002,전략,ETF,2,low
KR7140700006,MOCK ETF KR7140700006,채권,ETF,1,mid
KR7140710005,MOCK ETF KR7140710005,원자재,ETF,5,low
KR7140950007,MOCK ETF KR7140950007,전략,ETF,3,low
KR7143460004,MOCK ETF KR7143460004,원자재,ETF,4,low
KR7143850006,MOCK ETF KR7143850006,원자재,ETF,5,low
KR7143860005,MOCK ETF KR7143860005,섹터,ETF,4,low
KR7144600004,MOCK ETF KR7144600004,테마,ETF,5,low
KR7145670006,MOCK ETF KR7145670006,섹터,ETF,4,mid
KR7145850004,MOCK ETF KR7145850004,국내주식,ETF,3,high
KR7147970008,MOCK ETF KR7147970008,섹터,ETF,5,mid
KR7148020001,MOCK ETF KR7148020001,국내주식,ETF,4,high
KR7148070006,MOCK ETF KR7148070006,배당,ETF,2,high
KR7150460004,MOCK ETF KR7150460004,ESG,ETF,3,low
KR7152100004,MOCK ETF KR7152100004,전략,ETF,4,low
KR7152280004,MOCK ETF KR7152280004,배당,ETF,1,low
KR7152380002,MOCK ETF KR7152380002,배당,ETF,2,high
KR7152500005,MOCK ETF KR7152500005,섹터,ETF,5,low
KR7152870002,MOCK ETF KR7152870002,원자재,ETF,4,high
KR7153130000,MOCK ETF KR7153130000,ESG,ETF,4,mid
KR7153270004,MOCK ETF KR7153270004,ESG,ETF,4,mid
KR7156080004,MOCK ETF KR7156080004,부동산,ETF,3,high
KR7157450008,MOCK ETF KR7157450008,국내주식,ETF,4,low
KR7157490004,MOCK ETF KR7157490004,해외주식,ETF,3,low
KR7157500000,MOCK ETF KR7157500000,해외주식,ETF,5,low
KR7159800002,MOCK ETF KR7159800002,전략,ETF,3,mid
KR7160580007,MOCK ETF KR7160580007,테마,ETF,4,mid
KR7161510003,MOCK ETF KR7161510003,원자재,ETF,5,low
KR7166400002,MOCK ETF KR7166400002,테마,ETF,4,high
KR7167860006,MOCK ETF KR7167860006,부동산,ETF,2,low
KR7168300002,MOCK ETF KR7168300002,배당,ETF,3,high
KR7168580009,MOCK ETF KR7168580009,국내주식,ETF,3,high
KR7169950003,MOCK ETF KR7169950003,배당,ETF,2,low
KR7170350003,MOCK ETF KR7170350003,채권,ETF,2,high
KR7174350009,MOCK ETF KR7174350009,국내주식,ETF,3,low
KR7174360008,MOCK ETF KR7174360008,배당,ETF,3,high
KR7176710002,MOCK ETF KR7176710002,국내주식,ETF,3,mid
KR7176950004,MOCK ETF KR7176950004,배당,ETF,1,high
KR7181480005,MOCK ETF KR7181480005,테마,ETF,4,low
KR7182480004,MOCK ETF KR7182480004,전략,ETF,3,high
KR7182490003,MOCK ETF KR7182490003,ESG,ETF,3,mid
KR7183700004,MOCK ETF KR7183700004,원자재,ETF,5,low
KR7183710003,MOCK ETF KR7183710003,국내주식,ETF,4,mid
KR7185680006,MOCK ETF KR7185680006,ESG,ETF,2,mid
KR7189400005,MOCK ETF KR7189400005,테마,ETF,5,high
KR7190160002,MOCK ETF KR7190160002,부동산,ETF,2,low
KR7190620005,MOCK ETF KR7190620005,해외주식,ETF,5,high
KR7192090009,MOCK ETF KR7192090009,테마,ETF,5,mid
KR7192720001,MOCK ETF KR7192720001,섹터,ETF,5,high
KR7195920004,MOCK ETF KR7195920004,배당,ETF,2,mid
KR7195930003,MOCK ETF KR7195930003,채권,ETF,2,high
KR7195970009,MOCK ETF KR7195970009,배당,ETF,1,high
KR7195980008,MOCK ETF KR7195980008,ESG,ETF,3,high
KR7196030001,MOCK ETF KR7196030001,채권,ETF,1,mid
KR7196220008,MOCK ETF KR7196220008,부동산,ETF,3,low
KR7196230007,MOCK ETF KR7196230007,부동산,ETF,2,mid
KR7200030005,MOCK ETF KR7200030005,전략,ETF,2,mid
KR7200250009,MOCK ETF KR7200250009,섹터,ETF,5,high
KR7203780002,MOCK ETF KR7203780002,부동산,ETF,3,high
KR7204450001,MOCK ETF KR7204450001,배당,ETF,2,low
KR7204480008,MOCK ETF KR7204480008,해외주식,ETF,5,high
KR7205720006,MOCK ETF KR7205720006,채권,ETF,1,high
KR7208470005,MOCK ETF KR7208470005,채권,ETF,2,low
KR7210780003,MOCK ETF KR7210780003,국내주식,ETF,3,high
KR7211210000,MOCK ETF KR7211210000,해외주식,ETF,5,low
KR7211260005,MOCK ETF KR7211260005,배당,ETF,3,low
KR7211560008,MOCK ETF KR7211560008,전략,ETF,4,mid
KR7211900006,MOCK ETF KR7211900006,국내주식,ETF,4,low
KR7213610009,MOCK ETF KR7213610009,ESG,ETF,2,mid
KR7213630007,MOCK ETF KR7213630007,부동산,ETF,2,low
KR7214980005,MOCK ETF KR7214980005,섹터,ETF,4,mid
KR7215620006,MOCK ETF KR7215620006,테마,ETF,4,mid
KR7217770007,MOCK ETF KR7217770007,배당,ETF,3,low
KR7217780006,MOCK ETF KR7217780006,섹터,ETF,5,high
KR7217790005,MOCK ETF KR7217790005,ESG,ETF,2,low
KR7218420008,MOCK ETF KR7218420008,해외주식,ETF,3,high
KR7219390002,MOCK ETF KR7219390002,배당,ETF,2,mid
KR7219480001,MOCK ETF KR7219480001,국내주식,ETF,4,mid
KR7219900008,MOCK ETF KR7219900008,전략,ETF,2,mid
KR7220130009,MOCK ETF KR7220130009,ESG,ETF,3,low
KR7222180002,MOCK ETF KR7222180002,해외주식,ETF,5,mid
KR7222190001,MOCK ETF KR7222190001,원자재,ETF,5,low
KR7222200008,MOCK ETF KR7222200008,국내주식,ETF,4,high
KR7223190000,MOCK ETF KR7223190000,해외주식,ETF,3,low
KR7225030006,MOCK ETF KR7225030006,원자재,ETF,4,low
KR7225040005,MOCK ETF KR7225040005,부동산,ETF,3,low
KR7225050004,MOCK ETF KR7225050004,전략,ETF,4,mid
KR7225060003,MOCK ETF KR7225060003,테마,ETF,5,mid
KR7225130004,MOCK ETF KR7225130004,섹터,ETF,5,high
KR7225800002,MOCK ETF KR7225800002,전략,ETF,3,high
KR7226380004,MOCK ETF KR7226380004,채권,ETF,1,mid
KR7226490001,MOCK ETF KR7226490001,ESG,ETF,4,high
KR7226980001,MOCK ETF KR7226980001,전략,ETF,2,mid
KR7227540002,MOCK ETF KR7227540002,원자재,ETF,4,high
KR7227550001,MOCK ETF KR7227550001,배당,ETF,1,low
KR7227560000,MOCK ETF KR7227560000,섹터,ETF,4,low
KR7227570009,MOCK ETF KR7227570009,부동산,ETF,3,mid
KR7227830007,MOCK ETF KR7227830007,채권,ETF,2,high
KR7228790002,MOCK ETF KR7228790002,부동산,ETF,2,high
KR7228800009,MOCK ETF KR7228800009,배당,ETF,1,mid
KR7228810008,MOCK ETF KR7228810008,해외주식,ETF,5,low
KR7228820007,MOCK ETF KR7228820007,배당,ETF,2,mid
KR7229200001,MOCK ETF KR7229200001,전략,ETF,3,high
KR7229720008,MOCK ETF KR7229720008,국내주식,ETF,4,mid
KR7230480006,MOCK ETF KR7230480006,해외주식,ETF,3,mid
KR7232080002,MOCK ETF KR7232080002,ESG,ETF,2,high
KR7233160001,MOCK ETF KR7233160001,전략,ETF,2,high
KR7233740000,MOCK ETF KR7233740000,전략,ETF,2,high
KR7234310001,MOCK ETF KR7234310001,부동산,ETF,3,low
KR7236350005,MOCK ETF KR7236350005,ESG,ETF,3,low
KR7236460002,MOCK ETF KR7236460002,부동산,ETF,3,low
KR7237350004,MOCK ETF KR7237350004,배당,ETF,3,low
KR7237370002,MOCK ETF KR7237370002,섹터,ETF,5,mid
KR7237440003,MOCK ETF KR7237440003,섹터,ETF,4,low
KR7238670004,MOCK ETF KR7238670004,부동산,ETF,2,mid
KR7238720007,MOCK ETF KR7238720007,원자재,ETF,4,mid
KR7239660004,MOCK ETF KR7239660004,ESG,ETF,4,mid
KR7241180009,MOCK ETF KR7241180009,국내주식,ETF,3,mid
KR7241390004,MOCK ETF KR7241390004,해외주식,ETF,4,low
KR7243880002,MOCK ETF KR7243880002,ESG,ETF,4,high
KR7243890001,MOCK ETF KR7243890001,해외주식,ETF,5,low
KR7244580007,MOCK ETF KR7244580007,국내주식,ETF,4,low
KR7244620001,MOCK ETF KR7244620001,배당,ETF,1,high
KR7244660007,MOCK ETF KR7244660007,테마,ETF,4,low
KR7244670006,MOCK ETF KR7244670006,ESG,ETF,4,low
KR7245340005,MOCK ETF KR7245340005,원자재,ETF,5,mid
KR7245350004,MOCK ETF KR7245350004,ESG,ETF,3,high
KR7245360003,MOCK ETF KR7245360003,부동산,ETF,3,low
KR7245710009,MOCK ETF KR7245710009,ESG,ETF,3,low
KR7247780000,MOCK ETF KR7247780000,섹터,ETF,4,low
KR7247790009,MOCK ETF KR7247790009,국내주식,ETF,4,high
KR7247800006,MOCK ETF KR7247800006,전략,ETF,3,mid
KR7248260002,MOCK ETF KR7248260002,배당,ETF,1,low
KR7248270001,MOCK ETF KR7248270001,ESG,ETF,3,high
KR7250730009,MOCK ETF KR7250730009,섹터,ETF,4,high
KR7250780004,MOCK ETF KR7250780004,테마,ETF,4,low
KR7251340006,MOCK ETF KR7251340006,ESG,ETF,2,high
KR7251350005,MOCK ETF KR7251350005,채권,ETF,1,high
KR7251590006,MOCK ETF KR7251590006,원자재,ETF,4,mid
KR7251600003,MOCK ETF KR7251600003,배당,ETF,1,low
KR7251890000,MOCK ETF KR7251890000,국내주식,ETF,4,mid
KR7252000005,MOCK ETF KR7252000005,섹터,ETF,4,low
KR7252400007,MOCK ETF KR7252400007,배당,ETF,1,mid
KR7252410006,MOCK ETF KR7252410006,부동산,ETF,2,high
KR7252420005,MOCK ETF KR7252420005,전략,ETF,2,high
KR7252650007,MOCK ETF KR7252650007,전략,ETF,2,low
KR7252670005,MOCK ETF KR7252670005,테마,ETF,5,high
KR7252710009,MOCK ETF KR7252710009,테마,ETF,5,low
KR7252720008,MOCK ETF KR7252720008,원자재,ETF,4,high
KR7252730007,MOCK ETF KR7252730007,원자재,ETF,5,high
KR7253150007,MOCK ETF KR7253150007,배당,ETF,2,low
KR7253160006,MOCK ETF KR7253160006,부동산,ETF,2,mid
KR7253230007,MOCK ETF KR7253230007,섹터,ETF,4,high
KR7253240006,MOCK ETF KR7253240006,전략,ETF,4,high
KR7253250005,MOCK ETF KR7253250005,해외주식,ETF,3,high
KR7253280002,MOCK ETF KR7253280002,채권,ETF,1,low
KR7253290001,MOCK ETF KR7253290001,ESG,ETF,4,mid
KR7253990006,MOCK ETF KR7253990006,배당,ETF,3,mid
KR7256440009,MOCK ETF KR7256440009,해외주식,ETF,5,low
KR7256450008,MOCK ETF KR7256450008,테마,ETF,4,high
KR7256750001,MOCK ETF KR7256750001,테마,ETF,4,mid
KR7260200001,MOCK ETF KR7260200001,ESG,ETF,3,mid
KR7260270004,MOCK ETF KR7260270004,섹터,ETF,5,mid
KR7261060008,MOCK ETF KR7261060008,배당,ETF,3,low
KR7261070007,MOCK ETF KR7261070007,테마,ETF,5,high
KR7261110001,MOCK ETF KR7261110001,원자재,ETF,5,low
KR7261120000,MOCK ETF KR7261120000,해외주식,ETF,3,mid
KR7261140008,MOCK ETF KR7261140008,전략,ETF,2,high
KR7261220008,MOCK ETF KR7261220008,원자재,ETF,4,mid
KR7261240006,MOCK ETF KR7261240006,섹터,ETF,4,mid
KR7261250005,MOCK ETF KR7261250005,원자재,ETF,4,mid
KR7261260004,MOCK ETF KR7261260004,국내주식,ETF,3,low
KR7261270003,MOCK ETF KR7261270003,섹터,ETF,5,high
KR7261920003,MOCK ETF KR7261920003,원자재,ETF,4,mid
KR7263190001,MOCK ETF KR7263190001,전략,ETF,3,low
KR7265690008,MOCK ETF KR7265690008,전략,ETF,2,low
KR7266140003,MOCK ETF KR7266140003,ESG,ETF,2,high
KR7266160001,MOCK ETF KR7266160001,전략,ETF,2,mid
KR7266360007,MOCK ETF KR7266360007,ESG,ETF,2,low
KR7266370006,MOCK ETF KR7266370006,ESG,ETF,2,low
KR7266390004,MOCK ETF KR7266390004,해외주식,ETF,4,high
KR7266410000,MOCK ETF KR7266410000,섹터,ETF,4,high
KR7266420009,MOCK ETF KR7266420009,부동산,ETF,3,mid
KR7266550003,MOCK ETF KR7266550003,국내주식,ETF,4,high
KR7267300002,MOCK ETF KR7267300002,원자재,ETF,5,high
KR7267440006,MOCK ETF KR7267440006,배당,ETF,2,mid
KR7267450005,MOCK ETF KR7267450005,전략,ETF,4,high
KR7267490001,MOCK ETF KR7267490001,해외주식,ETF,4,mid
KR7267500007,MOCK ETF KR7267500007,채권,ETF,2,mid
KR7267770006,MOCK ETF KR7267770006,부동산,ETF,3,low
KR7269370003,MOCK ETF KR7269370003,테마,ETF,5,low
KR7269420006,MOCK ETF KR7269420006,부동산,ETF,2,low
KR7269530002,MOCK ETF KR7269530002,국내주식,ETF,4,mid
KR7269540001,MOCK ETF KR7269540001,채권,ETF,2,high
KR7270800006,MOCK ETF KR7270800006,해외주식,ETF,4,low
KR7270810005,MOCK ETF KR7270810005,채권,ETF,2,low
KR7271050007,MOCK ETF KR7271050007,배당,ETF,3,high
KR7271060006,MOCK ETF KR7271060006,테마,ETF,4,low
KR7272220005,MOCK ETF KR7272220005,부동산,ETF,3,low
KR7272230004,MOCK ETF KR7272230004,채권,ETF,1,mid
KR7272560004,MOCK ETF KR7272560004,국내주식,ETF,4,low
KR7272570003,MOCK ETF KR7272570003,전략,ETF,3,high
KR7272580002,MOCK ETF KR7272580002,배당,ETF,3,low
KR7272910001,MOCK ETF KR7272910001,해외주식,ETF,5,low
KR7273130005,MOCK ETF KR7273130005,배당,ETF,1,high
KR7273140004,MOCK ETF KR7273140004,테마,ETF,5,low
KR7275280006,MOCK ETF KR7275280006,섹터,ETF,4,low
KR7275290005,MOCK ETF KR7275290005,국내주식,ETF,3,low
KR7275300002,MOCK ETF KR7275300002,원자재,ETF,4,low
KR7275540003,MOCK ETF KR7275540003,채권,ETF,1,mid
KR7275750008,MOCK ETF KR7275750008,섹터,ETF,5,mid
KR7275980001,MOCK ETF KR7275980001,원자재,ETF,5,high
KR7276000007,MOCK ETF KR7276000007,채권,ETF,1,mid
KR7276650009,MOCK ETF KR7276650009,해외주식,ETF,5,mid
KR7276970001,MOCK ETF KR7276970001,채권,ETF,1,low
KR7276990009,MOCK ETF KR7276990009,해외주식,ETF,3,low
KR7277540001,MOCK ETF KR7277540001,채권,ETF,2,high
KR7277630000,MOCK ETF KR7277630000,섹터,ETF,4,low
KR7277640009,MOCK ETF KR7277640009,전략,ETF,3,high
KR7277650008,MOCK ETF KR7277650008,해외주식,ETF,5,mid
KR7278240007,MOCK ETF KR7278240007,테마,ETF,4,high
KR7278420005,MOCK ETF KR7278420005,해외주식,ETF,3,high
KR7278530001,MOCK ETF KR7278530001,부동산,ETF,3,low
KR7278540000,MOCK ETF KR7278540000,국내주식,ETF,3,mid
KR7278620000,MOCK ETF KR7278620000,부동산,ETF,2,low
KR7279530000,MOCK ETF KR7279530000,섹터,ETF,4,mid
KR7279540009,MOCK ETF KR7279540009,배당,ETF,3,low
KR7280320003,MOCK ETF KR7280320003,국내주식,ETF,3,mid
KR7280920000,MOCK ETF KR7280920000,전략,ETF,2,high
KR7280930009,MOCK ETF KR7280930009,전략,ETF,4,high
KR7280940008,MOCK ETF KR7280940008,부동산,ETF,3,high
KR7281990002,MOCK ETF KR7281990002,원자재,ETF,5,mid
KR7282000009,MOCK ETF KR7282000009,원자재,ETF,4,high
KR7283580009,MOCK ETF KR7283580009,테마,ETF,5,low
KR7283930006,MOCK ETF KR7283930006,채권,ETF,2,high
KR7284430006,MOCK ETF KR7284430006,섹터,ETF,4,high
KR7284980000,MOCK ETF KR7284980000,배당,ETF,1,mid
KR7284990009,MOCK ETF KR7284990009,전략,ETF,2,mid
KR7285000006,MOCK ETF KR7285000006,테마,ETF,4,high
KR7285010005,MOCK ETF KR7285010005,전략,ETF,4,mid
KR7285020004,MOCK ETF KR7285020004,해외주식,ETF,3,low
KR7285690004,MOCK ETF KR7285690004,해외주식,ETF,3,low
KR7287180004,MOCK ETF KR7287180004,부동산,ETF,3,mid
KR7287300008,MOCK ETF KR7287300008,채권,ETF,1,mid
KR7287310007,MOCK ETF KR7287310007,국내주식,ETF,4,low
KR7287320006,MOCK ETF KR7287320006,전략,ETF,3,low
KR7287330005,MOCK ETF KR7287330005,채권,ETF,1,low
KR7289040008,MOCK ETF KR7289040008,채권,ETF,2,low
KR7289250003,MOCK ETF KR7289250003,채권,ETF,2,high
KR7289260002,MOCK ETF KR7289260002,ESG,ETF,3,mid
KR7289480006,MOCK ETF KR7289480006,해외주식,ETF,3,low
KR7289670002,MOCK ETF KR7289670002,원자재,ETF,5,low
KR7290080001,MOCK ETF KR7290080001,테마,ETF,4,mid
KR7290130004,MOCK ETF KR7290130004,부동산,ETF,2,low
KR7291130003,MOCK ETF KR7291130003,국내주식,ETF,3,mid
KR7291610004,MOCK ETF KR7291610004,테마,ETF,5,mid
KR7291620003,MOCK ETF KR7291620003,해외주식,ETF,4,low
KR7291630002,MOCK ETF KR7291630002,섹터,ETF,4,low
KR7291660009,MOCK ETF KR7291660009,섹터,ETF,4,mid
KR7291680007,MOCK ETF KR7291680007,섹터,ETF,4,low
KR7291890002,MOCK ETF KR7291890002,국내주식,ETF,4,mid
KR7292050002,MOCK ETF KR7292050002,채권,ETF,2,mid
KR7292100005,MOCK ETF KR7292100005,부동산,ETF,2,low
KR7292110004,MOCK ETF KR7292110004,테마,ETF,5,high
KR7292120003,MOCK ETF KR7292120003,배당,ETF,3,low
KR7292130002,MOCK ETF KR7292130002,배당,ETF,3,high
KR7292140001,MOCK ETF KR7292140001,ESG,ETF,2,high
KR7292150000,MOCK ETF KR7292150000,채권,ETF,2,mid
KR7292160009,MOCK ETF KR7292160009,국내주식,ETF,3,high
KR7292190006,MOCK ETF KR7292190006,테마,ETF,5,mid
KR7292340007,MOCK ETF KR7292340007,국내주식,ETF,3,low
KR7292500006,MOCK ETF KR7292500006,채권,ETF,2,mid
KR7292560000,MOCK ETF KR7292560000,부동산,ETF,3,high
KR7292570009,MOCK ETF KR7292570009,부동산,ETF,3,mid
KR7292580008,MOCK ETF KR7292580008,원자재,ETF,4,mid
KR7292590007,MOCK ETF KR7292590007,해외주식,ETF,4,mid
KR7292730009,MOCK ETF KR7292730009,테마,ETF,5,high
KR7292750007,MOCK ETF KR7292750007,채권,ETF,2,high
KR7292770005,MOCK ETF KR7292770005,ESG,ETF,2,mid
KR7293180006,MOCK ETF KR7293180006,전략,ETF,4,low
KR7294400007,MOCK ETF KR7294400007,전략,ETF,3,mid
KR7295000004,MOCK ETF KR7295000004,전략,ETF,2,low
KR7295020002,MOCK ETF KR7295020002,테마,ETF,5,mid
KR7295040000,MOCK ETF KR7295040000,ESG,ETF,4,low
KR7295820005,MOCK ETF KR7295820005,배당,ETF,3,mid
KR7296710007,MOCK ETF KR7296710007,해외주식,ETF,5,mid
KR7298340001,MOCK ETF KR7298340001,ESG,ETF,4,mid
KR7298770009,MOCK ETF KR7298770009,원자재,ETF,5,high
KR7299070003,MOCK ETF KR7299070003,채권,ETF,1,mid
KR7299080002,MOCK ETF KR7299080002,ESG,ETF,4,mid
KR7300280005,MOCK ETF KR7300280005,ESG,ETF,2,mid
KR7300290004,MOCK ETF KR7300290004,전략,ETF,3,high
KR7300300001,MOCK ETF KR7300300001,국내주식,ETF,4,mid
KR7300310000,MOCK ETF KR7300310000,배당,ETF,1,high
KR7300610003,MOCK ETF KR7300610003,섹터,ETF,4,high
KR7300640000,MOCK ETF KR7300640000,채권,ETF,2,high
KR7300950003,MOCK ETF KR7300950003,국내주식,ETF,3,low
KR7301400008,MOCK ETF KR7301400008,전략,ETF,4,high
KR7301410007,MOCK ETF KR7301410007,원자재,ETF,4,high
KR7301440004,MOCK ETF KR7301440004,전략,ETF,2,low
KR7302170006,MOCK ETF KR7302170006,테마,ETF,4,mid
KR7302180005,MOCK ETF KR7302180005,부동산,ETF,2,low
KR7302190004,MOCK ETF KR7302190004,부동산,ETF,2,mid
KR7302200001,MOCK ETF KR7302200001,해외주식,ETF,5,high
KR7302210000,MOCK ETF KR7302210000,채권,ETF,1,mid
KR7302450002,MOCK ETF KR7302450002,전략,ETF,3,high
KR7304660004,MOCK ETF KR7304660004,전략,ETF,2,mid
KR7304670003,MOCK ETF KR7304670003,배당,ETF,2,mid
KR7304760002,MOCK ETF KR7304760002,원자재,ETF,5,high
KR7304770001,MOCK ETF KR7304770001,섹터,ETF,5,mid
KR7304780000,MOCK ETF KR7304780000,ESG,ETF,3,high
KR7304940000,MOCK ETF KR7304940000,해외주식,ETF,5,mid
KR7305050007,MOCK ETF KR7305050007,테마,ETF,4,low
KR7305080004,MOCK ETF KR7305080004,채권,ETF,1,low
KR7305540007,MOCK ETF KR7305540007,전략,ETF,3,high
KR7305720005,MOCK ETF KR7305720005,채권,ETF,2,mid
KR7306520008,MOCK ETF KR7306520008,해외주식,ETF,3,high
KR7306530007,MOCK ETF KR7306530007,전략,ETF,2,low
KR7306540006,MOCK ETF KR7306540006,ESG,ETF,4,high
KR7306950007,MOCK ETF KR7306950007,섹터,ETF,4,low
KR7306960006,MOCK ETF KR7306960006,원자재,ETF,4,high
KR7307010009,MOCK ETF KR7307010009,ESG,ETF,4,mid
KR7307020008,MOCK ETF KR7307020008,ESG,ETF,3,high
KR7307510008,MOCK ETF KR7307510008,원자재,ETF,5,low
KR7307520007,MOCK ETF KR7307520007,채권,ETF,1,low
KR7307610006,MOCK ETF KR7307610006,국내주식,ETF,4,low
KR7307620005,MOCK ETF KR7307620005,국내주식,ETF,3,low
KR7308620004,MOCK ETF KR7308620004,테마,ETF,4,low
KR7309170009,MOCK ETF KR7309170009,부동산,ETF,3,high
KR7309180008,MOCK ETF KR7309180008,테마,ETF,4,low
KR7309190007,MOCK ETF KR7309190007,채권,ETF,1,high
KR7309200004,MOCK ETF KR7309200004,해외주식,ETF,3,mid
KR7309210003,MOCK ETF KR7309210003,채권,ETF,2,high
KR7309230001,MOCK ETF KR7309230001,원자재,ETF,5,mid
KR7310080007,MOCK ETF KR7310080007,부동산,ETF,2,high
KR7310960000,MOCK ETF KR7310960000,섹터,ETF,5,high
KR7310970009,MOCK ETF KR7310970009,국내주식,ETF,3,high
KR7314250002,MOCK ETF KR7314250002,ESG,ETF,4,high
KR7314700006,MOCK ETF KR7314700006,섹터,ETF,5,low
KR7315270009,MOCK ETF KR7315270009,전략,ETF,2,low
KR7315480004,MOCK ETF KR7315480004,섹터,ETF,4,high
KR7315930008,MOCK ETF KR7315930008,테마,ETF,4,mid
KR7315960005,MOCK ETF KR7315960005,섹터,ETF,4,mid
KR7316300003,MOCK ETF KR7316300003,원자재,ETF,4,high
KR7316670009,MOCK ETF KR7316670009,ESG,ETF,2,mid
KR7319640009,MOCK ETF KR7319640009,전략,ETF,4,low
KR7319870002,MOCK ETF KR7319870002,섹터,ETF,4,high
KR7321410003,MOCK ETF KR7321410003,채권,ETF,1,low
KR7322120007,MOCK ETF KR7322120007,채권,ETF,2,low
KR7322130006,MOCK ETF KR7322130006,국내주식,ETF,4,low
KR7322150004,MOCK ETF KR7322150004,ESG,ETF,4,mid
KR7322400003,MOCK ETF KR7322400003,해외주식,ETF,4,high
KR7322410002,MOCK ETF KR7322410002,채권,ETF,2,mid
KR7325010007,MOCK ETF KR7325010007,채권,ETF,2,low
KR7325020006,MOCK ETF KR7325020006,배당,ETF,3,low
KR7326230000,MOCK ETF KR7326230000,테마,ETF,4,low
KR7326240009,MOCK ETF KR7326240009,테마,ETF,5,mid
KR7328370002,MOCK ETF KR7328370002,배당,ETF,2,low
KR7329200000,MOCK ETF KR7329200000,국내주식,ETF,3,high
KR7329650006,MOCK ETF KR7329650006,원자재,ETF,4,high
KR7329660005,MOCK ETF KR7329660005,전략,ETF,2,high
KR7329670004,MOCK ETF KR7329670004,전략,ETF,4,low
KR7329750004,MOCK ETF KR7329750004,섹터,ETF,4,low
KR7331910000,MOCK ETF KR7331910000,국내주식,ETF,4,high
KR7332500008,MOCK ETF KR7332500008,배당,ETF,2,mid
KR7332610005,MOCK ETF KR7332610005,ESG,ETF,2,mid
KR7332620004,MOCK ETF KR7332620004,국내주식,ETF,3,mid
KR7332930007,MOCK ETF KR7332930007,ESG,ETF,4,high
KR7332940006,MOCK ETF KR7332940006,원자재,ETF,5,high
KR7333940005,MOCK ETF KR7333940005,테마,ETF,5,high
KR7333950004,MOCK ETF KR7333950004,원자재,ETF,4,mid
KR7333960003,MOCK ETF KR7333960003,배당,ETF,2,high
KR7333970002,MOCK ETF KR7333970002,부동산,ETF,3,low
KR7333980001,MOCK ETF KR7333980001,섹터,ETF,4,low
KR7334690005,MOCK ETF KR7334690005,국내주식,ETF,4,high
KR7334700002,MOCK ETF KR7334700002,원자재,ETF,4,high
KR7336160007,MOCK ETF KR7336160007,테마,ETF,5,mid
KR7337120000,MOCK ETF KR7337120000,배당,ETF,3,mid
KR7337140008,MOCK ETF KR7337140008,국내주식,ETF,4,low
KR7337150007,MOCK ETF KR7337150007,해외주식,ETF,5,low
KR7337160006,MOCK ETF KR7337160006,전략,ETF,4,mid
KR7342140001,MOCK ETF KR7342140001,해외주식,ETF,5,high
KR7342500006,MOCK ETF KR7342500006,부동산,ETF,2,mid
KR7342600004,MOCK ETF KR7342600004,섹터,ETF,5,mid
KR7342610003,MOCK ETF KR7342610003,테마,ETF,4,high
KR7342620002,MOCK ETF KR7342620002,국내주식,ETF,4,mid
KR7346000003,MOCK ETF KR7346000003,원자재,ETF,4,high
KR7354500001,MOCK ETF KR7354500001,원자재,ETF,5,high
KR7354350001,MOCK ETF KR7354350001,부동산,ETF,2,mid
KR7352540009,MOCK ETF KR7352540009,채권,ETF,1,high
KR7352560007,MOCK ETF KR7352560007,ESG,ETF,4,low
KR7354240004,MOCK ETF KR7354240004,해외주식,ETF,5,mid
KR7341850006,MOCK ETF KR7341850006,부동산,ETF,3,high
KR7357870005,MOCK ETF KR7357870005,채권,ETF,1,mid
KR7356540005,MOCK ETF KR7356540005,테마,ETF,5,mid
KR7359210002,MOCK ETF KR7359210002,ESG,ETF,3,mid
KR7360200000,MOCK ETF KR7360200000,원자재,ETF,4,mid
KR7360750004,MOCK ETF KR7360750004,채권,ETF,2,low
KR7360140008,MOCK ETF KR7360140008,섹터,ETF,5,mid
KR7360150007,MOCK ETF KR7360150007,원자재,ETF,5,low
KR7361580004,MOCK ETF KR7361580004,배당,ETF,2,low
KR7361590003,MOCK ETF KR7361590003,원자재,ETF,5,mid
KR7363510009,MOCK ETF KR7363510009,채권,ETF,1,low
KR7363570003,MOCK ETF KR7363570003,해외주식,ETF,4,mid
KR7363580002,MOCK ETF KR7363580002,원자재,ETF,5,low
KR7364690008,MOCK ETF KR7364690008,전략,ETF,2,mid
KR7365040005,MOCK ETF KR7365040005,부동산,ETF,2,low
KR7364960005,MOCK ETF KR7364960005,전략,ETF,2,high
KR7364970004,MOCK ETF KR7364970004,ESG,ETF,3,mid
KR7364980003,MOCK ETF KR7364980003,부동산,ETF,3,low
KR7364990002,MOCK ETF KR7364990002,부동산,ETF,2,mid
KR7365000009,MOCK ETF KR7365000009,원자재,ETF,4,high
KR7365780006,MOCK ETF KR7365780006,국내주식,ETF,3,high
KR7367380003,MOCK ETF KR7367380003,테마,ETF,5,mid
KR7367740008,MOCK ETF KR7367740008,ESG,ETF,2,low
KR7367760006,MOCK ETF KR7367760006,채권,ETF,1,high
KR7367770005,MOCK ETF KR7367770005,섹터,ETF,5,high
KR7368590006,MOCK ETF KR7368590006,ESG,ETF,3,low
KR7368190005,MOCK ETF KR7368190005,해외주식,ETF,5,mid
KR7368200002,MOCK ETF KR7368200002,해외주식,ETF,4,low
KR7368470001,MOCK ETF KR7368470001,부동산,ETF,2,low
KR7368680005,MOCK ETF KR7368680005,ESG,ETF,4,high
KR7371130006,MOCK ETF KR7371130006,ESG,ETF,2,high
KR7371450008,MOCK ETF KR7371450008,원자재,ETF,5,low
KR7371460007,MOCK ETF KR7371460007,원자재,ETF,4,mid
KR7371470006,MOCK ETF KR7371470006,원자재,ETF,4,high
KR7371150004,MOCK ETF KR7371150004,부동산,ETF,2,low
KR7371160003,MOCK ETF KR7371160003,테마,ETF,4,high
KR7371870007,MOCK ETF KR7371870007,ESG,ETF,2,high
KR7372330001,MOCK ETF KR7372330001,원자재,ETF,4,high
KR7373530005,MOCK ETF KR7373530005,해외주식,ETF,3,mid
KR7373490002,MOCK ETF KR7373490002,국내주식,ETF,4,low
KR7373790005,MOCK ETF KR7373790005,테마,ETF,4,high
KR7375270006,MOCK ETF KR7375270006,전략,ETF,3,high
KR7375760006,MOCK ETF KR7375760006,섹터,ETF,5,high
KR7375770005,MOCK ETF KR7375770005,해외주식,ETF,4,high
KR7376250007,MOCK ETF KR7376250007,섹터,ETF,4,high
KR7376410007,MOCK ETF KR7376410007,원자재,ETF,4,mid
KR7377990007,MOCK ETF KR7377990007,전략,ETF,3,low
KR7380340000,MOCK ETF KR7380340000,ESG,ETF,2,mid
KR7381560002,MOCK ETF KR7381560002,배당,ETF,3,high
KR7381570001,MOCK ETF KR7381570001,국내주식,ETF,3,low
KR7379780000,MOCK ETF KR7379780000,테마,ETF,4,low
KR7379790009,MOCK ETF KR7379790009,원자재,ETF,4,high
KR7379800006,MOCK ETF KR7379800006,배당,ETF,3,high
KR7379810005,MOCK ETF KR7379810005,채권,ETF,2,high
KR7381170000,MOCK ETF KR7381170000,섹터,ETF,5,low
KR7381180009,MOCK ETF KR7381180009,부동산,ETF,2,mid
KR7385510003,MOCK ETF KR7385510003,테마,ETF,5,mid
KR7385520002,MOCK ETF KR7385520002,원자재,ETF,5,mid
KR7385590005,MOCK ETF KR7385590005,채권,ETF,2,mid
KR7385600002,MOCK ETF KR7385600002,ESG,ETF,4,high
KR7385710009,MOCK ETF KR7385710009,채권,ETF,2,low
KR7385720008,MOCK ETF KR7385720008,테마,ETF,4,low
KR7387270002,MOCK ETF KR7387270002,테마,ETF,5,high
KR7387280001,MOCK ETF KR7387280001,ESG,ETF,3,high
KR7385540000,MOCK ETF KR7385540000,섹터,ETF,4,high
KR7385550009,MOCK ETF KR7385550009,국내주식,ETF,4,low
KR7385560008,MOCK ETF KR7385560008,섹터,ETF,4,high
KR7388280000,MOCK ETF KR7388280000,원자재,ETF,5,low
KR7388420002,MOCK ETF KR7388420002,섹터,ETF,5,low
KR7390950004,MOCK ETF KR7390950004,해외주식,ETF,4,low
KR7390390003,MOCK ETF KR7390390003,섹터,ETF,5,high
KR7390400000,MOCK ETF KR7390400000,원자재,ETF,5,low
KR7391670007,MOCK ETF KR7391670007,섹터,ETF,4,low
KR7391680006,MOCK ETF KR7391680006,ESG,ETF,3,low
KR7394340004,MOCK ETF KR7394340004,원자재,ETF,4,low
KR7394350003,MOCK ETF KR7394350003,ESG,ETF,3,mid
KR7394660005,MOCK ETF KR7394660005,ESG,ETF,4,low
KR7394670004,MOCK ETF KR7394670004,원자재,ETF,4,low
KR7395150006,MOCK ETF KR7395150006,부동산,ETF,3,mid
KR7395160005,MOCK ETF KR7395160005,국내주식,ETF,3,high
KR7395170004,MOCK ETF KR7395170004,해외주식,ETF,4,low
KR7395270002,MOCK ETF KR7395270002,배당,ETF,3,low
KR7395280001,MOCK ETF KR7395280001,ESG,ETF,3,low
KR7395290000,MOCK ETF KR7395290000,국내주식,ETF,4,high
KR7395750003,MOCK ETF KR7395750003,배당,ETF,1,low
KR7395760002,MOCK ETF KR7395760002,전략,ETF,4,mid
KR7391590007,MOCK ETF KR7391590007,채권,ETF,2,mid
KR7391600004,MOCK ETF KR7391600004,배당,ETF,2,high
KR7396500001,MOCK ETF KR7396500001,섹터,ETF,4,high
KR7396510000,MOCK ETF KR7396510000,부동산,ETF,3,mid
KR7396520009,MOCK ETF KR7396520009,ESG,ETF,4,mid
KR7397410002,MOCK ETF KR7397410002,부동산,ETF,2,low
KR7397420001,MOCK ETF KR7397420001,ESG,ETF,4,low
KR7399110006,MOCK ETF KR7399110006,채권,ETF,1,high
KR7400570008,MOCK ETF KR7400570008,채권,ETF,1,mid
KR7400580007,MOCK ETF KR7400580007,원자재,ETF,5,mid
KR7400590006,MOCK ETF KR7400590006,배당,ETF,1,mid
KR7401590005,MOCK ETF KR7401590005,국내주식,ETF,3,high
KR7402520001,MOCK ETF KR7402520001,ESG,ETF,2,low
KR7400970000,MOCK ETF KR7400970000,배당,ETF,2,mid
KR7401170006,MOCK ETF KR7401170006,해외주식,ETF,4,high
KR7401470000,MOCK ETF KR7401470000,섹터,ETF,4,mid
KR7402460000,MOCK ETF KR7402460000,ESG,ETF,3,low
KR7403790009,MOCK ETF KR7403790009,섹터,ETF,5,low
KR7399580000,MOCK ETF KR7399580000,배당,ETF,1,low
KR7402970008,MOCK ETF KR7402970008,섹터,ETF,4,mid
KR7403990005,MOCK ETF KR7403990005,채권,ETF,1,mid
KR7404120008,MOCK ETF KR7404120008,원자재,ETF,4,low
KR7404260002,MOCK ETF KR7404260002,해외주식,ETF,4,low
KR7404470007,MOCK ETF KR7404470007,섹터,ETF,4,mid
KR7404540007,MOCK ETF KR7404540007,테마,ETF,4,high
KR7404650004,MOCK ETF KR7404650004,부동산,ETF,3,low
KR7407160001,MOCK ETF KR7407160001,해외주식,ETF,3,high
KR7407170000,MOCK ETF KR7407170000,국내주식,ETF,4,low
KR7407820000,MOCK ETF KR7407820000,ESG,ETF,3,mid
KR7407830009,MOCK ETF KR7407830009,국내주식,ETF,4,high
KR7407300003,MOCK ETF KR7407300003,섹터,ETF,4,mid
KR7407310002,MOCK ETF KR7407310002,ESG,ETF,2,high
KR7409810009,MOCK ETF KR7409810009,국내주식,ETF,3,mid
KR7409820008,MOCK ETF KR7409820008,배당,ETF,1,mid
KR7411540008,MOCK ETF KR7411540008,국내주식,ETF,3,high
KR7410870000,MOCK ETF KR7410870000,해외주식,ETF,5,low
KR7411060007,MOCK ETF KR7411060007,원자재,ETF,4,low
KR7412560005,MOCK ETF KR7412560005,섹터,ETF,5,mid
KR7412570004,MOCK ETF KR7412570004,ESG,ETF,4,high
KR7411050008,MOCK ETF KR7411050008,섹터,ETF,5,high
KR7411420003,MOCK ETF KR7411420003,ESG,ETF,3,high
KR7411720006,MOCK ETF KR7411720006,부동산,ETF,3,mid
KR7411860000,MOCK ETF KR7411860000,전략,ETF,2,high
KR7412770000,MOCK ETF KR7412770000,ESG,ETF,2,mid
KR7413220005,MOCK ETF KR7413220005,채권,ETF,2,low
KR7413930009,MOCK ETF KR7413930009,채권,ETF,1,mid
KR7414780007,MOCK ETF KR7414780007,국내주식,ETF,3,low
KR7415340009,MOCK ETF KR7415340009,테마,ETF,4,high
KR7415760008,MOCK ETF KR7415760008,테마,ETF,5,high
KR7416090009,MOCK ETF KR7416090009,부동산,ETF,2,mid
KR7415920008,MOCK ETF KR7415920008,채권,ETF,2,low
KR7417630001,MOCK ETF KR7417630001,원자재,ETF,5,low
KR7414270009,MOCK ETF KR7414270009,원자재,ETF,4,mid
KR7417450004,MOCK ETF KR7417450004,배당,ETF,3,mid
KR7419650007,MOCK ETF KR7419650007,테마,ETF,5,mid
KR7418660007,MOCK ETF KR7418660007,국내주식,ETF,3,low
KR7418670006,MOCK ETF KR7418670006,섹터,ETF,4,high
KR7419170006,MOCK ETF KR7419170006,부동산,ETF,2,mid
KR7419890009,MOCK ETF KR7419890009,채권,ETF,2,mid
KR7419420005,MOCK ETF KR7419420005,해외주식,ETF,3,high
KR7419430004,MOCK ETF KR7419430004,섹터,ETF,4,low
KR7421320003,MOCK ETF KR7421320003,ESG,ETF,2,mid
KR7422260000,MOCK ETF KR7422260000,채권,ETF,2,mid
KR7422420000,MOCK ETF KR7422420000,테마,ETF,5,mid
KR7423170000,MOCK ETF KR7423170000,테마,ETF,5,high
KR7423920008,MOCK ETF KR7423920008,국내주식,ETF,3,mid
KR7424460004,MOCK ETF KR7424460004,테마,ETF,5,low
KR7423160001,MOCK ETF KR7423160001,배당,ETF,3,high
KR7426330007,MOCK ETF KR7426330007,원자재,ETF,5,high
KR7426020004,MOCK ETF KR7426020004,국내주식,ETF,4,mid
KR7426030003,MOCK ETF KR7426030003,해외주식,ETF,3,mid
KR7426150009,MOCK ETF KR7426150009,국내주식,ETF,3,mid
KR7426410007,MOCK ETF KR7426410007,배당,ETF,3,low
KR7427110002,MOCK ETF KR7427110002,ESG,ETF,2,mid
KR7427120001,MOCK ETF KR7427120001,원자재,ETF,4,mid
KR7428510002,MOCK ETF KR7428510002,부동산,ETF,2,low
KR7428560007,MOCK ETF KR7428560007,테마,ETF,4,low
KR7429000003,MOCK ETF KR7429000003,부동산,ETF,2,high
KR7429010002,MOCK ETF KR7429010002,국내주식,ETF,3,mid
KR7429740004,MOCK ETF KR7429740004,채권,ETF,2,low
KR7429870009,MOCK ETF KR7429870009,국내주식,ETF,3,high
KR7429760002,MOCK ETF KR7429760002,해외주식,ETF,3,high
KR7430500009,MOCK ETF KR7430500009,채권,ETF,1,high
KR7432840007,MOCK ETF KR7432840007,섹터,ETF,4,high
KR7432850006,MOCK ETF KR7432850006,배당,ETF,2,high
KR7429980006,MOCK ETF KR7429980006,테마,ETF,4,low
KR7429990005,MOCK ETF KR7429990005,원자재,ETF,4,high
KR7432600005,MOCK ETF KR7432600005,테마,ETF,4,high
KR7433330008,MOCK ETF KR7433330008,배당,ETF,1,high
KR7433220001,MOCK ETF KR7433220001,국내주식,ETF,3,high
KR7433500006,MOCK ETF KR7433500006,부동산,ETF,2,low
KR7434730008,MOCK ETF KR7434730008,배당,ETF,3,mid
KR7434960001,MOCK ETF KR7434960001,부동산,ETF,2,high
KR7435040001,MOCK ETF KR7435040001,ESG,ETF,2,low
KR7433850005,MOCK ETF KR7433850005,해외주식,ETF,5,mid
KR7433860004,MOCK ETF KR7433860004,원자재,ETF,5,low
KR7433870003,MOCK ETF KR7433870003,채권,ETF,1,low
KR7433880002,MOCK ETF KR7433880002,섹터,ETF,5,high
KR7433970001,MOCK ETF KR7433970001,섹터,ETF,4,mid
KR7433980000,MOCK ETF KR7433980000,국내주식,ETF,4,mid
KR7434060000,MOCK ETF KR7434060000,해외주식,ETF,3,mid
KR7435530001,MOCK ETF KR7435530001,전략,ETF,4,high
KR7435540000,MOCK ETF KR7435540000,배당,ETF,2,mid
KR7435550009,MOCK ETF KR7435550009,테마,ETF,5,high
KR7433250008,MOCK ETF KR7433250008,채권,ETF,2,high
KR7435420005,MOCK ETF KR7435420005,채권,ETF,1,mid
KR7436180004,MOCK ETF KR7436180004,국내주식,ETF,3,high
KR7437350002,MOCK ETF KR7437350002,테마,ETF,5,high
KR7437370000,MOCK ETF KR7437370000,ESG,ETF,2,high
KR7437550007,MOCK ETF KR7437550007,배당,ETF,3,high
KR7436140008,MOCK ETF KR7436140008,ESG,ETF,2,high
KR7437070006,MOCK ETF KR7437070006,채권,ETF,1,mid
KR7437080005,MOCK ETF KR7437080005,ESG,ETF,2,high
KR7438210007,MOCK ETF KR7438210007,채권,ETF,2,mid
KR7438740003,MOCK ETF KR7438740003,부동산,ETF,3,mid
KR7438900003,MOCK ETF KR7438900003,국내주식,ETF,4,mid
KR7438320004,MOCK ETF KR7438320004,전략,ETF,3,high
KR7438330003,MOCK ETF KR7438330003,국내주식,ETF,3,low
KR7439860008,MOCK ETF KR7439860008,해외주식,ETF,4,low
KR7439870007,MOCK ETF KR7439870007,부동산,ETF,2,low
KR7440640001,MOCK ETF KR7440640001,국내주식,ETF,3,high
KR7440650000,MOCK ETF KR7440650000,원자재,ETF,5,mid
KR7438080004,MOCK ETF KR7438080004,국내주식,ETF,4,low
KR7438100000,MOCK ETF KR7438100000,섹터,ETF,5,high
KR7440910008,MOCK ETF KR7440910008,부동산,ETF,3,low
KR7440340008,MOCK ETF KR7440340008,섹터,ETF,4,high
KR7438560005,MOCK ETF KR7438560005,해외주식,ETF,5,low
KR7438570004,MOCK ETF KR7438570004,배당,ETF,2,high
KR7441540002,MOCK ETF KR7441540002,부동산,ETF,3,mid
KR7441330008,MOCK ETF KR7441330008,해외주식,ETF,3,mid
KR7442090007,MOCK ETF KR7442090007,ESG,ETF,4,low
KR7441680006,MOCK ETF KR7441680006,해외주식,ETF,4,low
KR7442550000,MOCK ETF KR7442550000,원자재,ETF,4,mid
KR7442560009,MOCK ETF KR7442560009,전략,ETF,4,high
KR7442570008,MOCK ETF KR7442570008,배당,ETF,3,low
KR7442580007,MOCK ETF KR7442580007,채권,ETF,1,mid
KR7441640000,MOCK ETF KR7441640000,섹터,ETF,4,mid
KR7441800000,MOCK ETF KR7441800000,테마,ETF,4,mid
KR7444490007,MOCK ETF KR7444490007,부동산,ETF,2,low
KR7442320008,MOCK ETF KR7442320008,테마,ETF,4,low
KR7444200000,MOCK ETF KR7444200000,채권,ETF,1,low
KR7445910003,MOCK ETF KR7445910003,국내주식,ETF,4,low
KR7442260006,MOCK ETF KR7442260006,섹터,ETF,5,high
KR7445930001,MOCK ETF KR7445930001,국내주식,ETF,4,low
KR7445950009,MOCK ETF KR7445950009,국내주식,ETF,3,high
KR7445690001,MOCK ETF KR7445690001,ESG,ETF,3,mid
KR7446700007,MOCK ETF KR7446700007,테마,ETF,4,mid
KR7445150006,MOCK ETF KR7445150006,ESG,ETF,2,low
KR7445290000,MOCK ETF KR7445290000,원자재,ETF,5,low
KR7446720005,MOCK ETF KR7446720005,부동산,ETF,3,low
KR7446770000,MOCK ETF KR7446770000,원자재,ETF,4,high
KR7447430000,MOCK ETF KR7447430000,배당,ETF,3,low
KR7448570002,MOCK ETF KR7448570002,ESG,ETF,2,low
KR7447820002,MOCK ETF KR7447820002,부동산,ETF,2,high
KR7448310003,MOCK ETF KR7448310003,부동산,ETF,2,low
KR7448320002,MOCK ETF KR7448320002,섹터,ETF,4,high
KR7448490003,MOCK ETF KR7448490003,부동산,ETF,2,high
KR7448590000,MOCK ETF KR7448590000,전략,ETF,2,high
KR7448600007,MOCK ETF KR7448600007,원자재,ETF,4,low
KR7448870006,MOCK ETF KR7448870006,배당,ETF,2,mid
KR7448880005,MOCK ETF KR7448880005,국내주식,ETF,4,high
KR7448290007,MOCK ETF KR7448290007,전략,ETF,3,mid
KR7448300004,MOCK ETF KR7448300004,ESG,ETF,4,mid
KR7447620006,MOCK ETF KR7447620006,ESG,ETF,2,high
KR7447660002,MOCK ETF KR7447660002,섹터,ETF,4,high
KR7447770009,MOCK ETF KR7447770009,국내주식,ETF,3,high
KR7448330001,MOCK ETF KR7448330001,섹터,ETF,5,high
KR7448540005,MOCK ETF KR7448540005,배당,ETF,3,low
KR7448630004,MOCK ETF KR7448630004,전략,ETF,4,low
KR7448510008,MOCK ETF KR7448510008,국내주식,ETF,3,high
KR7449170000,MOCK ETF KR7449170000,채권,ETF,2,high
KR7449180009,MOCK ETF KR7449180009,ESG,ETF,2,high
KR7449190008,MOCK ETF KR7449190008,ESG,ETF,2,high
KR7447780008,MOCK ETF KR7447780008,원자재,ETF,4,low
KR7448100008,MOCK ETF KR7448100008,ESG,ETF,2,low
KR7449540004,MOCK ETF KR7449540004,전략,ETF,3,low
KR7449580000,MOCK ETF KR7449580000,ESG,ETF,4,mid
KR7449770007,MOCK ETF KR7449770007,국내주식,ETF,4,high
KR7449780006,MOCK ETF KR7449780006,ESG,ETF,4,high
KR7449680008,MOCK ETF KR7449680008,채권,ETF,1,low
KR7449690007,MOCK ETF KR7449690007,배당,ETF,3,high
KR7450180005,MOCK ETF KR7450180005,전략,ETF,4,mid
KR7450190004,MOCK ETF KR7450190004,전략,ETF,2,mid
KR7450120001,MOCK ETF KR7450120001,테마,ETF,4,high
KR7449450006,MOCK ETF KR7449450006,채권,ETF,1,high
KR7451000004,MOCK ETF KR7451000004,채권,ETF,1,low
KR7450910005,MOCK ETF KR7450910005,전략,ETF,2,mid
KR7451060008,MOCK ETF KR7451060008,섹터,ETF,4,low
KR7451150007,MOCK ETF KR7451150007,해외주식,ETF,5,low
KR7446690000,MOCK ETF KR7446690000,해외주식,ETF,5,high
KR7451530000,MOCK ETF KR7451530000,섹터,ETF,4,high
KR7451540009,MOCK ETF KR7451540009,섹터,ETF,4,low
KR7451600001,MOCK ETF KR7451600001,배당,ETF,3,low
KR7452250004,MOCK ETF KR7452250004,섹터,ETF,5,high
KR7451670004,MOCK ETF KR7451670004,채권,ETF,1,low
KR7452440001,MOCK ETF KR7452440001,부동산,ETF,2,mid
KR7453010001,MOCK ETF KR7453010001,채권,ETF,1,mid
KR7453060006,MOCK ETF KR7453060006,원자재,ETF,5,high
KR7453080004,MOCK ETF KR7453080004,테마,ETF,4,mid
KR7453850000,MOCK ETF KR7453850000,해외주식,ETF,4,low
KR7452360001,MOCK ETF KR7452360001,국내주식,ETF,4,high
KR7453330003,MOCK ETF KR7453330003,전략,ETF,3,low
KR7453630006,MOCK ETF KR7453630006,전략,ETF,2,high
KR7453640005,MOCK ETF KR7453640005,부동산,ETF,3,high
KR7453650004,MOCK ETF KR7453650004,부동산,ETF,3,low
KR7453660003,MOCK ETF KR7453660003,전략,ETF,4,low
KR7453530008,MOCK ETF KR7453530008,ESG,ETF,3,high
KR7453540007,MOCK ETF KR7453540007,해외주식,ETF,3,high
KR7453950008,MOCK ETF KR7453950008,섹터,ETF,5,high
KR7454180001,MOCK ETF KR7454180001,해외주식,ETF,3,mid
KR7455030007,MOCK ETF KR7455030007,부동산,ETF,2,low
KR7454780008,MOCK ETF KR7454780008,ESG,ETF,3,high
KR7453870008,MOCK ETF KR7453870008,원자재,ETF,5,high
KR7454320003,MOCK ETF KR7454320003,전략,ETF,4,high
KR7455660001,MOCK ETF KR7455660001,원자재,ETF,5,mid
KR7453810004,MOCK ETF KR7453810004,부동산,ETF,2,mid
KR7453820003,MOCK ETF KR7453820003,섹터,ETF,4,high
KR7455850008,MOCK ETF KR7455850008,국내주식,ETF,4,high
KR7455860007,MOCK ETF KR7455860007,채권,ETF,2,mid
KR7456250000,MOCK ETF KR7456250000,채권,ETF,2,low
KR7456880004,MOCK ETF KR7456880004,ESG,ETF,4,mid
KR7455890004,MOCK ETF KR7455890004,해외주식,ETF,5,high
KR7456200005,MOCK ETF KR7456200005,배당,ETF,3,low
KR7456610005,MOCK ETF KR7456610005,ESG,ETF,2,mid
KR7456680008,MOCK ETF KR7456680008,섹터,ETF,4,mid
KR7455960005,MOCK ETF KR7455960005,해외주식,ETF,5,mid
KR7456100007,MOCK ETF KR7456100007,부동산,ETF,2,low
KR7456600006,MOCK ETF KR7456600006,원자재,ETF,5,high
KR7457480002,MOCK ETF KR7457480002,원자재,ETF,4,mid
KR7458210002,MOCK ETF KR7458210002,원자재,ETF,4,high
KR7457690006,MOCK ETF KR7457690006,해외주식,ETF,3,high
KR7457700003,MOCK ETF KR7457700003,해외주식,ETF,4,low
KR7458030004,MOCK ETF KR7458030004,부동산,ETF,2,mid
KR7458250008,MOCK ETF KR7458250008,국내주식,ETF,4,mid
KR7458260007,MOCK ETF KR7458260007,채권,ETF,1,low
KR7459560009,MOCK ETF KR7459560009,전략,ETF,4,mid
KR7459580007,MOCK ETF KR7459580007,해외주식,ETF,5,high
KR7457930006,MOCK ETF KR7457930006,배당,ETF,2,mid
KR7457990000,MOCK ETF KR7457990000,ESG,ETF,3,low
KR7458730009,MOCK ETF KR7458730009,ESG,ETF,3,low
KR7458750007,MOCK ETF KR7458750007,국내주식,ETF,4,low
KR7458760006,MOCK ETF KR7458760006,배당,ETF,3,high
KR7459370003,MOCK ETF KR7459370003,배당,ETF,2,mid
KR7460270002,MOCK ETF KR7460270002,국내주식,ETF,4,low
KR7461260002,MOCK ETF KR7461260002,원자재,ETF,5,mid
KR7461270001,MOCK ETF KR7461270001,테마,ETF,5,high
KR7459750006,MOCK ETF KR7459750006,전략,ETF,4,mid
KR7459790002,MOCK ETF KR7459790002,섹터,ETF,5,high
KR7460280001,MOCK ETF KR7460280001,테마,ETF,4,low
KR7460660004,MOCK ETF KR7460660004,전략,ETF,4,mid
KR7461490005,MOCK ETF KR7461490005,전략,ETF,3,mid
KR7461450009,MOCK ETF KR7461450009,채권,ETF,1,high
KR7461580003,MOCK ETF KR7461580003,국내주식,ETF,3,high
KR7461950008,MOCK ETF KR7461950008,원자재,ETF,5,mid
KR7462330002,MOCK ETF KR7462330002,전략,ETF,4,low
KR7460960008,MOCK ETF KR7460960008,원자재,ETF,4,low
KR7461340002,MOCK ETF KR7461340002,섹터,ETF,5,mid
KR7461600009,MOCK ETF KR7461600009,테마,ETF,4,low
KR7462010000,MOCK ETF KR7462010000,채권,ETF,1,mid
KR7461460008,MOCK ETF KR7461460008,섹터,ETF,4,mid
KR7461900003,MOCK ETF KR7461900003,해외주식,ETF,3,mid
KR7461910002,MOCK ETF KR7461910002,배당,ETF,3,low
KR7462340001,MOCK ETF KR7462340001,국내주식,ETF,4,high
KR7463250001,MOCK ETF KR7463250001,부동산,ETF,2,low
KR7463640003,MOCK ETF KR7463640003,국내주식,ETF,4,low
KR7463680009,MOCK ETF KR7463680009,테마,ETF,5,high
KR7463690008,MOCK ETF KR7463690008,섹터,ETF,4,mid
KR7464060003,MOCK ETF KR7464060003,채권,ETF,2,high
KR7462900002,MOCK ETF KR7462900002,채권,ETF,2,mid
KR7463290007,MOCK ETF KR7463290007,전략,ETF,2,high
KR7462540006,MOCK ETF KR7462540006,부동산,ETF,3,low
KR7463300004,MOCK ETF KR7463300004,국내주식,ETF,4,low
KR7463050005,MOCK ETF KR7463050005,ESG,ETF,2,mid
KR7464230002,MOCK ETF KR7464230002,ESG,ETF,2,low
KR7464240001,MOCK ETF KR7464240001,섹터,ETF,5,mid
KR7464310002,MOCK ETF KR7464310002,국내주식,ETF,3,mid
KR7464540004,MOCK ETF KR7464540004,부동산,ETF,2,high
KR7464470004,MOCK ETF KR7464470004,채권,ETF,2,mid
KR7464600006,MOCK ETF KR7464600006,채권,ETF,1,high
KR7464610005,MOCK ETF KR7464610005,국내주식,ETF,4,high
KR7464930007,MOCK ETF KR7464930007,국내주식,ETF,3,mid
KR7464920008,MOCK ETF KR7464920008,ESG,ETF,3,mid
KR7465330009,MOCK ETF KR7465330009,ESG,ETF,2,mid
KR7465350007,MOCK ETF KR7465350007,테마,ETF,4,low
KR7465580009,MOCK ETF KR7465580009,전략,ETF,2,mid
KR7465610004,MOCK ETF KR7465610004,전략,ETF,2,low
KR7465620003,MOCK ETF KR7465620003,전략,ETF,2,mid
KR7465680007,MOCK ETF KR7465680007,배당,ETF,2,low
KR7465660009,MOCK ETF KR7465660009,섹터,ETF,5,low
KR7465670008,MOCK ETF KR7465670008,해외주식,ETF,3,low
KR7466400009,MOCK ETF KR7466400009,배당,ETF,2,low
KR7465780005,MOCK ETF KR7465780005,국내주식,ETF,4,low
KR7466920006,MOCK ETF KR7466920006,해외주식,ETF,3,low
KR7466930005,MOCK ETF KR7466930005,해외주식,ETF,3,low
KR7466950003,MOCK ETF KR7466950003,ESG,ETF,2,mid
KR7467940003,MOCK ETF KR7467940003,테마,ETF,4,high
KR7466940004,MOCK ETF KR7466940004,ESG,ETF,3,high
KR7467620001,MOCK ETF KR7467620001,배당,ETF,2,high
KR7469150007,MOCK ETF KR7469150007,ESG,ETF,4,low
KR7469160006,MOCK ETF KR7469160006,섹터,ETF,4,high
KR7469170005,MOCK ETF KR7469170005,ESG,ETF,2,mid
KR7466810009,MOCK ETF KR7466810009,해외주식,ETF,3,low
KR7468370002,MOCK ETF KR7468370002,부동산,ETF,2,mid
KR7468380001,MOCK ETF KR7468380001,테마,ETF,5,high
KR7468630009,MOCK ETF KR7468630009,국내주식,ETF,3,high
KR7468820006,MOCK ETF KR7468820006,해외주식,ETF,3,low
KR7467540001,MOCK ETF KR7467540001,채권,ETF,1,high
KR7469050009,MOCK ETF KR7469050009,배당,ETF,3,low
KR7469060008,MOCK ETF KR7469060008,ESG,ETF,2,mid
KR7469070007,MOCK ETF KR7469070007,부동산,ETF,3,low
KR7461500001,MOCK ETF KR7461500001,ESG,ETF,3,high
KR7469790000,MOCK ETF KR7469790000,ESG,ETF,3,low
KR7469820005,MOCK ETF KR7469820005,부동산,ETF,2,high
KR7469830004,MOCK ETF KR7469830004,채권,ETF,2,low
KR7471460006,MOCK ETF KR7471460006,해외주식,ETF,4,high
KR7469530000,MOCK ETF KR7469530000,채권,ETF,1,high
KR7469580005,MOCK ETF KR7469580005,국내주식,ETF,3,low
KR7470320003,MOCK ETF KR7470320003,국내주식,ETF,3,low
KR7471230003,MOCK ETF KR7471230003,배당,ETF,3,low
KR7471290007,MOCK ETF KR7471290007,채권,ETF,1,high
KR7470260001,MOCK ETF KR7470260001,배당,ETF,2,high
KR7470310004,MOCK ETF KR7470310004,섹터,ETF,5,low
KR7471040006,MOCK ETF KR7471040006,국내주식,ETF,3,mid
KR7471760009,MOCK ETF KR7471760009,채권,ETF,1,mid
KR7471990002,MOCK ETF KR7471990002,테마,ETF,5,mid
KR7471780007,MOCK ETF KR7471780007,배당,ETF,3,low
KR7472490002,MOCK ETF KR7472490002,해외주식,ETF,4,mid
KR7472920008,MOCK ETF KR7472920008,국내주식,ETF,4,mid
KR7472160001,MOCK ETF KR7472160001,섹터,ETF,5,high
KR7472170000,MOCK ETF KR7472170000,테마,ETF,4,mid
KR7472150002,MOCK ETF KR7472150002,채권,ETF,2,mid
KR7472350008,MOCK ETF KR7472350008,채권,ETF,1,mid
KR7473290005,MOCK ETF KR7473290005,원자재,ETF,5,mid
KR7472720002,MOCK ETF KR7472720002,국내주식,ETF,3,high
KR7472830009,MOCK ETF KR7472830009,섹터,ETF,5,high
KR7473440006,MOCK ETF KR7473440006,배당,ETF,2,mid
KR7472840008,MOCK ETF KR7472840008,ESG,ETF,2,mid
KR7473380004,MOCK ETF KR7473380004,해외주식,ETF,3,low
KR7473490001,MOCK ETF KR7473490001,ESG,ETF,4,mid
KR7473500007,MOCK ETF KR7473500007,국내주식,ETF,3,low
KR7472870005,MOCK ETF KR7472870005,해외주식,ETF,4,high
KR7473330009,MOCK ETF KR7473330009,부동산,ETF,3,mid
KR7473460004,MOCK ETF KR7473460004,채권,ETF,2,high
KR7473590008,MOCK ETF KR7473590008,부동산,ETF,2,low
KR7474220001,MOCK ETF KR7474220001,섹터,ETF,5,mid
KR7474390002,MOCK ETF KR7474390002,채권,ETF,2,low
KR7474590007,MOCK ETF KR7474590007,ESG,ETF,3,low
KR7474800000,MOCK ETF KR7474800000,해외주식,ETF,3,mid
KR7474920006,MOCK ETF KR7474920006,원자재,ETF,5,mid
KR7473640001,MOCK ETF KR7473640001,해외주식,ETF,5,low
KR7475070009,MOCK ETF KR7475070009,채권,ETF,1,high
KR7475080008,MOCK ETF KR7475080008,배당,ETF,1,low
KR7475260006,MOCK ETF KR7475260006,해외주식,ETF,4,mid
KR7475270005,MOCK ETF KR7475270005,ESG,ETF,3,mid
KR7475280004,MOCK ETF KR7475280004,전략,ETF,2,mid
KR7475050001,MOCK ETF KR7475050001,해외주식,ETF,3,high
KR7475630000,MOCK ETF KR7475630000,배당,ETF,2,mid
KR7475300000,MOCK ETF KR7475300000,해외주식,ETF,3,mid
KR7475310009,MOCK ETF KR7475310009,원자재,ETF,4,mid
KR7476070008,MOCK ETF KR7476070008,해외주식,ETF,3,low
KR7475380002,MOCK ETF KR7475380002,테마,ETF,5,low
KR7475350005,MOCK ETF KR7475350005,섹터,ETF,4,low
KR7476000005,MOCK ETF KR7476000005,원자재,ETF,5,mid
KR7476260005,MOCK ETF KR7476260005,해외주식,ETF,4,mid
KR7476310008,MOCK ETF KR7476310008,부동산,ETF,2,low
KR7476550009,MOCK ETF KR7476550009,전략,ETF,3,mid
KR7476850003,MOCK ETF KR7476850003,섹터,ETF,5,low
KR7476450002,MOCK ETF KR7476450002,해외주식,ETF,4,mid
KR7476690003,MOCK ETF KR7476690003,ESG,ETF,2,high
KR7475720009,MOCK ETF KR7475720009,국내주식,ETF,4,low
KR7476800008,MOCK ETF KR7476800008,채권,ETF,1,mid
KR7476810007,MOCK ETF KR7476810007,해외주식,ETF,4,low
KR7476030002,MOCK ETF KR7476030002,ESG,ETF,3,high
KR7476750005,MOCK ETF KR7476750005,테마,ETF,4,high
KR7476760004,MOCK ETF KR7476760004,섹터,ETF,5,high
KR7477490007,MOCK ETF KR7477490007,배당,ETF,1,low
KR7477050009,MOCK ETF KR7477050009,국내주식,ETF,3,mid
KR7477080006,MOCK ETF KR7477080006,해외주식,ETF,3,mid
KR7479080004,MOCK ETF KR7479080004,국내주식,ETF,4,high
KR7479620007,MOCK ETF KR7479620007,섹터,ETF,5,low
KR7479850000,MOCK ETF KR7479850000,ESG,ETF,3,mid
KR7480310002,MOCK ETF KR7480310002,국내주식,ETF,4,high
KR7478150006,MOCK ETF KR7478150006,부동산,ETF,2,mid
KR7480020007,MOCK ETF KR7480020007,부동산,ETF,3,mid
KR7480030006,MOCK ETF KR7480030006,테마,ETF,5,low
KR7480040005,MOCK ETF KR7480040005,전략,ETF,3,high
KR7480260009,MOCK ETF KR7480260009,배당,ETF,3,low
KR7481050003,MOCK ETF KR7481050003,전략,ETF,3,low
KR7479520009,MOCK ETF KR7479520009,원자재,ETF,5,high
KR7480460005,MOCK ETF KR7480460005,전략,ETF,3,mid
KR7481060002,MOCK ETF KR7481060002,원자재,ETF,5,mid
KR7477730006,MOCK ETF KR7477730006,국내주식,ETF,3,mid
KR7479730004,MOCK ETF KR7479730004,부동산,ETF,3,mid
KR7481180008,MOCK ETF KR7481180008,테마,ETF,5,high
KR7482030004,MOCK ETF KR7482030004,해외주식,ETF,5,mid
KR7481190007,MOCK ETF KR7481190007,ESG,ETF,2,mid
KR7481200004,MOCK ETF KR7481200004,테마,ETF,5,low
KR7481430007,MOCK ETF KR7481430007,테마,ETF,5,low
KR7482730009,MOCK ETF KR7482730009,섹터,ETF,5,low
KR7481340008,MOCK ETF KR7481340008,ESG,ETF,3,low
KR7483020004,MOCK ETF KR7483020004,해외주식,ETF,5,low
KR7483030003,MOCK ETF KR7483030003,원자재,ETF,5,high
KR7483280004,MOCK ETF KR7483280004,국내주식,ETF,3,mid
KR7483290003,MOCK ETF KR7483290003,부동산,ETF,2,high
KR7483570008,MOCK ETF KR7483570008,부동산,ETF,3,high
KR7482870003,MOCK ETF KR7482870003,채권,ETF,1,high
KR7483320008,MOCK ETF KR7483320008,전략,ETF,3,low
KR7483330007,MOCK ETF KR7483330007,채권,ETF,2,low
KR7483340006,MOCK ETF KR7483340006,섹터,ETF,5,low
KR7483420006,MOCK ETF KR7483420006,해외주식,ETF,5,high
KR7483230009,MOCK ETF KR7483230009,배당,ETF,3,high
KR7484790001,MOCK ETF KR7484790001,전략,ETF,3,mid
KR7486240005,MOCK ETF KR7486240005,전략,ETF,4,low
KR7484880000,MOCK ETF KR7484880000,해외주식,ETF,4,high
KR7484890009,MOCK ETF KR7484890009,부동산,ETF,3,mid
KR7485540009,MOCK ETF KR7485540009,해외주식,ETF,4,low
KR7486290000,MOCK ETF KR7486290000,섹터,ETF,5,high
KR7485810006,MOCK ETF KR7485810006,원자재,ETF,4,high
KR7486780000,MOCK ETF KR7486780000,해외주식,ETF,3,low
KR7486790009,MOCK ETF KR7486790009,부동산,ETF,3,low
KR7487130007,MOCK ETF KR7487130007,부동산,ETF,3,low
KR7487230005,MOCK ETF KR7487230005,해외주식,ETF,5,mid
KR7487240004,MOCK ETF KR7487240004,배당,ETF,2,low
KR7487340002,MOCK ETF KR7487340002,국내주식,ETF,4,high
KR7486450000,MOCK ETF KR7486450000,해외주식,ETF,5,mid
KR7486830003,MOCK ETF KR7486830003,테마,ETF,5,high
KR7485690002,MOCK ETF KR7485690002,국내주식,ETF,3,low
KR7487750002,MOCK ETF KR7487750002,원자재,ETF,5,low
KR7487950008,MOCK ETF KR7487950008,전략,ETF,2,low
KR7488080003,MOCK ETF KR7488080003,원자재,ETF,4,low
KR7488200007,MOCK ETF KR7488200007,국내주식,ETF,4,mid
KR7488210006,MOCK ETF KR7488210006,해외주식,ETF,5,mid
KR7488500000,MOCK ETF KR7488500000,부동산,ETF,2,high
KR7488290008,MOCK ETF KR7488290008,부동산,ETF,2,high
KR7488720004,MOCK ETF KR7488720004,원자재,ETF,4,mid
KR7488770009,MOCK ETF KR7488770009,채권,ETF,2,low
KR7489000000,MOCK ETF KR7489000000,테마,ETF,5,high
KR7489010009,MOCK ETF KR7489010009,원자재,ETF,4,low
KR7489030007,MOCK ETF KR7489030007,테마,ETF,5,low
KR7489250001,MOCK ETF KR7489250001,ESG,ETF,3,low
KR7488480005,MOCK ETF KR7488480005,채권,ETF,2,mid
KR7489860007,MOCK ETF KR7489860007,원자재,ETF,4,low
KR7490090008,MOCK ETF KR7490090008,테마,ETF,4,low
KR7489290007,MOCK ETF KR7489290007,원자재,ETF,5,mid
KR7490330008,MOCK ETF KR7490330008,테마,ETF,5,high
KR7487910002,MOCK ETF KR7487910002,ESG,ETF,4,mid
KR7487920001,MOCK ETF KR7487920001,전략,ETF,2,high
KR7491010005,MOCK ETF KR7491010005,배당,ETF,1,mid
KR7491080008,MOCK ETF KR7491080008,전략,ETF,4,low
KR7491090007,MOCK ETF KR7491090007,전략,ETF,4,mid
KR7491220000,MOCK ETF KR7491220000,부동산,ETF,3,low
KR7491230009,MOCK ETF KR7491230009,섹터,ETF,5,mid
KR7491700001,MOCK ETF KR7491700001,테마,ETF,5,high
KR7489870006,MOCK ETF KR7489870006,섹터,ETF,5,mid
KR7490490000,MOCK ETF KR7490490000,부동산,ETF,2,low
KR7490600004,MOCK ETF KR7490600004,채권,ETF,1,high
KR7491510004,MOCK ETF KR7491510004,원자재,ETF,4,high
KR7491610002,MOCK ETF KR7491610002,원자재,ETF,4,mid
KR7491820007,MOCK ETF KR7491820007,국내주식,ETF,4,low
KR7491830006,MOCK ETF KR7491830006,ESG,ETF,3,low
KR7490480001,MOCK ETF KR7490480001,테마,ETF,5,high
KR7490590007,MOCK ETF KR7490590007,배당,ETF,1,high
KR7491620001,MOCK ETF KR7491620001,섹터,ETF,5,low
KR7492500004,MOCK ETF KR7492500004,부동산,ETF,2,mid
KR7488980004,MOCK ETF KR7488980004,원자재,ETF,4,high
KR7493420004,MOCK ETF KR7493420004,테마,ETF,4,mid
KR7489570002,MOCK ETF KR7489570002,채권,ETF,2,low
KR7493810006,MOCK ETF KR7493810006,국내주식,ETF,3,low
KR7494210008,MOCK ETF KR7494210008,배당,ETF,2,high
KR7494330004,MOCK ETF KR7494330004,해외주식,ETF,3,low
KR7491630000,MOCK ETF KR7491630000,국내주식,ETF,3,high
KR7494300007,MOCK ETF KR7494300007,테마,ETF,5,mid
KR7494310006,MOCK ETF KR7494310006,국내주식,ETF,4,mid
KR7494340003,MOCK ETF KR7494340003,부동산,ETF,3,mid
KR7494410004,MOCK ETF KR7494410004,테마,ETF,5,mid
KR7494420003,MOCK ETF KR7494420003,테마,ETF,4,mid
KR7494670003,MOCK ETF KR7494670003,섹터,ETF,4,high
KR7494180003,MOCK ETF KR7494180003,ESG,ETF,4,mid
KR7494840002,MOCK ETF KR7494840002,채권,ETF,1,high
KR7494890007,MOCK ETF KR7494890007,채권,ETF,2,mid
KR7494900004,MOCK ETF KR7494900004,테마,ETF,5,low
KR7495040008,MOCK ETF KR7495040008,해외주식,ETF,5,low
KR7495050007,MOCK ETF KR7495050007,섹터,ETF,4,low
KR7495060006,MOCK ETF KR7495060006,테마,ETF,5,low
KR7495230005,MOCK ETF KR7495230005,원자재,ETF,4,mid
KR7495330003,MOCK ETF KR7495330003,국내주식,ETF,3,mid
KR7495550006,MOCK ETF KR7495550006,부동산,ETF,2,low
KR7495750002,MOCK ETF KR7495750002,원자재,ETF,5,mid
KR7495850000,MOCK ETF KR7495850000,국내주식,ETF,3,low
KR7496080003,MOCK ETF KR7496080003,부동산,ETF,2,high
KR7496090002,MOCK ETF KR7496090002,원자재,ETF,5,mid
KR7496120007,MOCK ETF KR7496120007,섹터,ETF,4,high
KR7496130006,MOCK ETF KR7496130006,테마,ETF,5,mid
KR7494220007,MOCK ETF KR7494220007,배당,ETF,3,mid
KR7496770009,MOCK ETF KR7496770009,테마,ETF,5,low
KR7483240008,MOCK ETF KR7483240008,ESG,ETF,4,mid
KR7496020009,MOCK ETF KR7496020009,전략,ETF,4,high
KR7497510008,MOCK ETF KR7497510008,해외주식,ETF,5,high
KR7497520007,MOCK ETF KR7497520007,부동산,ETF,2,low
KR7495940009,MOCK ETF KR7495940009,부동산,ETF,3,low
KR7497570002,MOCK ETF KR7497570002,ESG,ETF,2,high
KR7497880005,MOCK ETF KR7497880005,국내주식,ETF,4,mid
KR7498050004,MOCK ETF KR7498050004,ESG,ETF,3,mid
KR7498180009,MOCK ETF KR7498180009,ESG,ETF,4,mid
KR7495710006,MOCK ETF KR7495710006,채권,ETF,1,high
KR7498400001,MOCK ETF KR7498400001,채권,ETF,1,low
KR7499150001,MOCK ETF KR7499150001,해외주식,ETF,3,low
KR7497780007,MOCK ETF KR7497780007,국내주식,ETF,4,mid
KR7498860006,MOCK ETF KR7498860006,테마,ETF,4,high
KR70000D0009,MOCK ETF KR70000D0009,ESG,ETF,3,high
KR7498270008,MOCK ETF KR7498270008,ESG,ETF,4,high
KR7498410000,MOCK ETF KR7498410000,전략,ETF,2,high
KR7499660009,MOCK ETF KR7499660009,원자재,ETF,5,mid
KR70000J0003,MOCK ETF KR70000J0003,부동산,ETF,2,mid
KR70000Y0004,MOCK ETF KR70000Y0004,원자재,ETF,5,mid
KR70000Z0003,MOCK ETF KR70000Z0003,섹터,ETF,5,low
KR70001P0004,MOCK ETF KR70001P0004,ESG,ETF,2,high
KR70001S0001,MOCK ETF KR70001S0001,테마,ETF,4,mid
KR70005A0007,MOCK ETF KR70005A0007,채권,ETF,2,low
KR70005D0004,MOCK ETF KR70005D0004,전략,ETF,3,high
KR70005C0005,MOCK ETF KR70005C0005,채권,ETF,1,mid
KR70007F0000,MOCK ETF KR70007F0000,ESG,ETF,4,low
KR70007G0009,MOCK ETF KR70007G0009,전략,ETF,4,mid
KR70004G0002,MOCK ETF KR70004G0002,전략,ETF,4,mid
KR70005G0001,MOCK ETF KR70005G0001,원자재,ETF,4,high
KR70008E0000,MOCK ETF KR70008E0000,배당,ETF,2,mid
KR70008S0004,MOCK ETF KR70008S0004,테마,ETF,5,high
KR70008T0003,MOCK ETF KR70008T0003,섹터,ETF,4,low
KR70007N0000,MOCK ETF KR70007N0000,해외주식,ETF,4,high
KR70015E0001,MOCK ETF KR70015E0001,부동산,ETF,3,low
KR70015F0000,MOCK ETF KR70015F0000,원자재,ETF,5,high
KR70010E0006,MOCK ETF KR70010E0006,채권,ETF,1,low
KR70013P0000,MOCK ETF KR70013P0000,전략,ETF,3,mid
KR70013R0008,MOCK ETF KR70013R0008,배당,ETF,1,low
KR70015K0003,MOCK ETF KR70015K0003,부동산,ETF,3,low
KR70016X0007,MOCK ETF KR70016X0007,ESG,ETF,3,high
KR70002C0008,MOCK ETF KR70002C0008,국내주식,ETF,3,high
KR70015B0004,MOCK ETF KR70015B0004,채권,ETF,2,mid
KR70017Y0005,MOCK ETF KR70017Y0005,테마,ETF,5,mid
KR70018C0000,MOCK ETF KR70018C0000,전략,ETF,3,low
KR70018Z0003,MOCK ETF KR70018Z0003,섹터,ETF,5,high
KR70020H0001,MOCK ETF KR70020H0001,해외주식,ETF,5,high
KR70021C0005,MOCK ETF KR70021C0005,원자재,ETF,4,low
KR70021D0004,MOCK ETF KR70021D0004,ESG,ETF,4,mid
KR70021E0003,MOCK ETF KR70021E0003,해외주식,ETF,5,high
KR70022T0005,MOCK ETF KR70022T0005,채권,ETF,1,mid
KR70023A0005,MOCK ETF KR70023A0005,해외주식,ETF,3,low
KR70023B0004,MOCK ETF KR70023B0004,국내주식,ETF,3,low
KR70026S0002,MOCK ETF KR70026S0002,ESG,ETF,4,mid
KR70019K0009,MOCK ETF KR70019K0009,테마,ETF,5,mid
KR70025N0008,MOCK ETF KR70025N0008,원자재,ETF,5,mid
KR70026E0008,MOCK ETF KR70026E0008,섹터,ETF,5,low
KR7498610005,MOCK ETF KR7498610005,부동산,ETF,2,high
KR70000H0005,MOCK ETF KR70000H0005,채권,ETF,1,high
KR70035T0000,MOCK ETF KR70035T0000,해외주식,ETF,4,high
KR70036R0001,MOCK ETF KR70036R0001,채권,ETF,2,mid
KR70038A0008,MOCK ETF KR70038A0008,원자재,ETF,4,low
KR70036Z0001,MOCK ETF KR70036Z0001,해외주식,ETF,4,low
KR70040S0004,MOCK ETF KR70040S0004,국내주식,ETF,3,mid
KR70040X0007,MOCK ETF KR70040X0007,테마,ETF,4,high
KR70040Y0006,MOCK ETF KR70040Y0006,국내주식,ETF,3,mid
KR70041D0000,MOCK ETF KR70041D0000,전략,ETF,3,mid
KR70041E0009,MOCK ETF KR70041E0009,섹터,ETF,5,low
KR70043B0000,MOCK ETF KR70043B0000,전략,ETF,4,mid
KR70036D0007,MOCK ETF KR70036D0007,국내주식,ETF,4,mid
KR70046A0008,MOCK ETF KR70046A0008,원자재,ETF,5,high
KR70043Y0003,MOCK ETF KR70043Y0003,테마,ETF,4,low
KR70046Y0000,MOCK ETF KR70046Y0000,원자재,ETF,4,high
KR70047A0007,MOCK ETF KR70047A0007,전략,ETF,4,low
KR70047N0002,MOCK ETF KR70047N0002,섹터,ETF,5,high
KR70047P0000,MOCK ETF KR70047P0000,국내주식,ETF,3,high
KR70047R0008,MOCK ETF KR70047R0008,배당,ETF,1,mid
KR70048J0007,MOCK ETF KR70048J0007,부동산,ETF,3,low
KR70048K0004,MOCK ETF KR70048K0004,국내주식,ETF,4,low
KR70049K0003,MOCK ETF KR70049K0003,테마,ETF,4,high
KR70049M0001,MOCK ETF KR70049M0001,ESG,ETF,2,mid
KR70050E0007,MOCK ETF KR70050E0007,배당,ETF,3,mid
KR70051A0000,MOCK ETF KR70051A0000,채권,ETF,1,low
KR70051G0004,MOCK ETF KR70051G0004,국내주식,ETF,3,mid
KR70052D0006,MOCK ETF KR70052D0006,국내주식,ETF,3,low
KR70028X0003,MOCK ETF KR70028X0003,배당,ETF,1,low
KR70052T0008,MOCK ETF KR70052T0008,전략,ETF,4,low
KR70053L0005,MOCK ETF KR70053L0005,전략,ETF,3,low
KR70052S0009,MOCK ETF KR70052S0009,부동산,ETF,3,high
KR70057H0007,MOCK ETF KR70057H0007,해외주식,ETF,4,mid
KR70064K0003,MOCK ETF KR70064K0003,ESG,ETF,4,low
KR70065G0008,MOCK ETF KR70065G0008,원자재,ETF,4,mid
KR70066W0007,MOCK ETF KR70066W0007,채권,ETF,2,low
KR70067V0007,MOCK ETF KR70067V0007,전략,ETF,2,mid
KR70067Y0004,MOCK ETF KR70067Y0004,전략,ETF,4,low
KR70060H0002,MOCK ETF KR70060H0002,배당,ETF,2,mid
KR70061Z0009,MOCK ETF KR70061Z0009,부동산,ETF,2,mid
KR70068M0007,MOCK ETF KR70068M0007,부동산,ETF,2,mid
KR70069M0006,MOCK ETF KR70069M0006,원자재,ETF,5,high
KR70072R0006,MOCK ETF KR70072R0006,배당,ETF,1,high
KR70073X0007,MOCK ETF KR70073X0007,해외주식,ETF,3,mid
KR70074K0001,MOCK ETF KR70074K0001,테마,ETF,4,mid
KR70079X0001,MOCK ETF KR70079X0001,배당,ETF,1,low
KR70080G0009,MOCK ETF KR70080G0009,채권,ETF,1,mid
KR70080X0008,MOCK ETF KR70080X0008,배당,ETF,2,mid
KR70080Y0007,MOCK ETF KR70080Y0007,해외주식,ETF,4,high
KR70053M0004,MOCK ETF KR70053M0004,해외주식,ETF,4,mid
KR70078V0004,MOCK ETF KR70078V0004,배당,ETF,3,high
KR70082V0008,MOCK ETF KR70082V0008,해외주식,ETF,3,high
KR70083S0002,MOCK ETF KR70083S0002,국내주식,ETF,3,low
KR70084D0008,MOCK ETF KR70084D0008,전략,ETF,3,mid
KR70085N0005,MOCK ETF KR70085N0005,국내주식,ETF,4,high
KR70085P0003,MOCK ETF KR70085P0003,채권,ETF,2,low
KR70082F0008,MOCK ETF KR70082F0008,배당,ETF,2,low
KR70086B0008,MOCK ETF KR70086B0008,채권,ETF,1,low
KR70086C0007,MOCK ETF KR70086C0007,국내주식,ETF,3,low
KR70087F0003,MOCK ETF KR70087F0003,섹터,ETF,5,mid
KR70088N0002,MOCK ETF KR70088N0002,전략,ETF,3,low
KR70089C0004,MOCK ETF KR70089C0004,채권,ETF,1,mid
KR70089D0003,MOCK ETF KR70089D0003,배당,ETF,2,low
KR70089B0005,MOCK ETF KR70089B0005,테마,ETF,5,high
KR70091C0000,MOCK ETF KR70091C0000,배당,ETF,1,high
KR70091P0005,MOCK ETF KR70091P0005,테마,ETF,4,high
KR70092B0000,MOCK ETF KR70092B0000,테마,ETF,4,mid
KR70092C0009,MOCK ETF KR70092C0009,채권,ETF,1,low
KR70090B0002,MOCK ETF KR70090B0002,테마,ETF,5,low
KR70091M0008,MOCK ETF KR70091M0008,부동산,ETF,3,mid
KR70093A0000,MOCK ETF KR70093A0000,국내주식,ETF,4,low
KR70093B0009,MOCK ETF KR70093B0009,배당,ETF,2,low
KR70093D0007,MOCK ETF KR70093D0007,해외주식,ETF,3,low
KR70094K0007,MOCK ETF KR70094K0007,원자재,ETF,5,mid
KR70094L0006,MOCK ETF KR70094L0006,채권,ETF,1,mid
KR70094M0005,MOCK ETF KR70094M0005,ESG,ETF,3,mid
KR70094X0002,MOCK ETF KR70094X0002,채권,ETF,1,high
KR70097L0003,MOCK ETF KR70097L0003,테마,ETF,5,low
KR70099L0001,MOCK ETF KR70099L0001,전략,ETF,3,high
KR70102A0009,MOCK ETF KR70102A0009,테마,ETF,4,mid
KR70098F0000,MOCK ETF KR70098F0000,원자재,ETF,5,mid
KR70098N0000,MOCK ETF KR70098N0000,국내주식,ETF,4,mid
KR70100K0009,MOCK ETF KR70100K0009,부동산,ETF,3,mid
KR70098Z0006,MOCK ETF KR70098Z0006,테마,ETF,5,low
KR70101N0005,MOCK ETF KR70101N0005,전략,ETF,3,mid
KR70102X0002,MOCK ETF KR70102X0002,배당,ETF,1,high
KR70104N0002,MOCK ETF KR70104N0002,부동산,ETF,2,low
KR70104P0000,MOCK ETF KR70104P0000,테마,ETF,5,low
KR70105D0003,MOCK ETF KR70105D0003,해외주식,ETF,4,low
KR70105E0002,MOCK ETF KR70105E0002,부동산,ETF,2,low
KR70107F0009,MOCK ETF KR70107F0009,테마,ETF,4,mid
KR70103T0007,MOCK ETF KR70103T0007,전략,ETF,3,high
KR70104G0001,MOCK ETF KR70104G0001,부동산,ETF,3,low
KR70104H0000,MOCK ETF KR70104H0000,부동산,ETF,2,high
KR70111P0001,MOCK ETF KR70111P0001,부동산,ETF,3,high
KR70113P0009,MOCK ETF KR70113P0009,채권,ETF,2,mid
KR70084E0007,MOCK ETF KR70084E0007,국내주식,ETF,3,low
KR70114X0008,MOCK ETF KR70114X0008,섹터,ETF,4,low
KR70115C0002,MOCK ETF KR70115C0002,테마,ETF,4,high
KR70115E0000,MOCK ETF KR70115E0000,국내주식,ETF,3,low
KR70117V0007,MOCK ETF KR70117V0007,국내주식,ETF,3,low
KR70111J0009,MOCK ETF KR70111J0009,ESG,ETF,2,low
KR70112X0000,MOCK ETF KR70112X0000,부동산,ETF,2,high
KR70113D0003,MOCK ETF KR70113D0003,ESG,ETF,4,high
KR70115D0001,MOCK ETF KR70115D0001,테마,ETF,5,low
KR70117L0009,MOCK ETF KR70117L0009,채권,ETF,2,mid
KR70118S0001,MOCK ETF KR70118S0001,섹터,ETF,4,mid
KR70118Z0002,MOCK ETF KR70118Z0002,부동산,ETF,3,mid
KR70119H0003,MOCK ETF KR70119H0003,채권,ETF,2,high
KR70123G0008,MOCK ETF KR70123G0008,부동산,ETF,2,mid
KR70113G0000,MOCK ETF KR70113G0000,배당,ETF,1,high
KR70127M0006,MOCK ETF KR70127M0006,부동산,ETF,2,high
KR70127P0003,MOCK ETF KR70127P0003,부동산,ETF,3,high
KR70127T0009,MOCK ETF KR70127T0009,배당,ETF,2,low
KR70127V0005,MOCK ETF KR70127V0005,테마,ETF,5,low
KR70122W0009,MOCK ETF KR70122W0009,배당,ETF,2,high
KR70128D0006,MOCK ETF KR70128D0006,채권,ETF,2,high
KR70127R0001,MOCK ETF KR70127R0001,해외주식,ETF,3,low
KR70131A0004,MOCK ETF KR70131A0004,원자재,ETF,5,high
KR70131V0009,MOCK ETF KR70131V0009,ESG,ETF,3,high
KR70131W0008,MOCK ETF KR70131W0008,해외주식,ETF,3,mid
KR70132D0000,MOCK ETF KR70132D0000,전략,ETF,2,high
KR70132H0006,MOCK ETF KR70132H0006,배당,ETF,3,low
KR70120J0008,MOCK ETF KR70120J0008,부동산,ETF,3,low
KR70132K0001,MOCK ETF KR70132K0001,부동산,ETF,2,high
KR70137V0003,MOCK ETF KR70137V0003,섹터,ETF,5,low
KR70137W0002,MOCK ETF KR70137W0002,채권,ETF,2,high
KR70139F0001,MOCK ETF KR70139F0001,채권,ETF,2,mid
KR70142D0008,MOCK ETF KR70142D0008,섹터,ETF,4,high
KR70123S0004,MOCK ETF KR70123S0004,배당,ETF,1,low
KR70135Y0002,MOCK ETF KR70135Y0002,ESG,ETF,2,low
KR70138D0004,MOCK ETF KR70138D0004,부동산,ETF,2,mid
KR70138Y0009,MOCK ETF KR70138Y0009,원자재,ETF,4,low
KR70139P0009,MOCK ETF KR70139P0009,원자재,ETF,4,mid
KR70141S0002,MOCK ETF KR70141S0002,부동산,ETF,3,high
KR70141T0001,MOCK ETF KR70141T0001,채권,ETF,1,mid
KR70138T0006,MOCK ETF KR70138T0006,배당,ETF,1,low
KR70144L0006,MOCK ETF KR70144L0006,배당,ETF,3,high
KR70144M0005,MOCK ETF KR70144M0005,배당,ETF,1,high
