ETF_ID,ISIN_CD,NAME,THEME,ASSET_TYPE,RISK_LEVEL,EXPENSE_LEVEL
KR0000360750,KR7360750004,TIGER 미국S&P500,해외주식(미국),ETF,3,low
KR0000069500,KR7069500007,KODEX 200,국내주식,ETF,2,low
KR0000459580,KR7459580007,KODEX CD금리액티브(합성),채권/금리,ETF,1,high
KR0000488770,KR7488770009,KODEX 머니마켓액티브,단기자금/MMF,ETF,1,high
KR0000133690,KR7133690008,TIGER 미국나스닥100,해외주식(미국),ETF,3,low
KR0000379800,KR7379800006,KODEX 미국S&P500,해외주식(미국),ETF,3,low
KR0000102110,KR7102110004,TIGER 200,국내주식,ETF,2,low
KR0000379810,KR7379810005,KODEX 미국나스닥100,해외주식(미국),ETF,3,low
KR0000357870,KR7357870005,TIGER CD금리투자KIS(합성),채권/금리,ETF,1,mid
KR0000278530,KR7278530001,KODEX 200TR,국내주식,ETF,2,low
KR0000423160,KR7423160001,KODEX KOFR금리액티브(합성),채권/금리,ETF,1,high
KR0000381170,KR7381170000,TIGER 미국테크TOP10 INDXX,해외주식(미국),ETF,3,mid
KR0000122630,KR7122630007,KODEX 레버리지,파생(인버스),ETF,4,high
KR00000043B0,KR70043B0000,TIGER 머니마켓액티브,채권/금리,ETF,1,high
KR0000411060,KR7411060007,ACE KRX금현물,원자재,ETF,3,mid
KR0000273130,KR7273130005,KODEX 종합채권(AA-이상)액티브,채권/금리,ETF,1,high
KR0000381180,KR7381180009,TIGER 미국필라델피아반도체나스닥,해외주식(미국),ETF,3,low
KR0000310970,KR7310970009,TIGER MSCI Korea TR,국내주식,ETF,2,mid
KR0000396500,KR7396500001,TIGER 반도체TOP10,해외주식,ETF,3,mid
KR0000360200,KR7360200000,ACE 미국S&P500,해외주식(미국),ETF,3,mid
KR0000481050,KR7481050003,KODEX CD1년금리플러스액티브(합성),채권/금리,ETF,1,high
KR0000449170,KR7449170000,TIGER KOFR금리액티브(합성),채권/금리,ETF,1,high
KR0000367380,KR7367380003,ACE 미국나스닥100,해외주식(미국),ETF,3,mid
KR0000148020,KR7148020001,RISE 200,국내주식,ETF,2,mid
KR0000458730,KR7458730009,TIGER 미국배당다우존스,해외주식(미국),ETF,3,mid
KR0000453850,KR7453850000,ACE 미국30년국채액티브(H),채권/금리,ETF,1,mid
KR00000117L0,KR70117L0009,KODEX 26-12 금융채(AA-이상)액티브,채권/금리,ETF,1,high
KR0000498400,KR7498400001,KODEX 200타겟위클리커버드콜,해외주식,ETF,3,low
KR0000455890,KR7455890004,RISE 머니마켓액티브,채권/금리,ETF,1,mid
KR0000466920,KR7466920006,SOL 조선TOP3플러스,해외주식,ETF,3,mid
KR0000102780,KR7102780004,KODEX 삼성그룹,해외주식,ETF,3,mid
KR0000091160,KR7091160002,KODEX 반도체,해외주식,ETF,3,mid
KR0000214980,KR7214980005,KODEX 단기채권PLUS,채권/금리,ETF,1,mid
KR0000233740,KR7233740000,KODEX 코스닥150레버리지,파생(인버스),ETF,4,high
KR0000278540,KR7278540000,KODEX MSCI Korea TR,국내주식,ETF,2,mid
KR0000161510,KR7161510003,PLUS 고배당주,해외주식,ETF,3,mid
KR0000229200,KR7229200001,KODEX 코스닥150,국내주식,ETF,2,low
KR0000475630,KR7475630000,TIGER CD1년금리액티브(합성),단기자금/MMF,ETF,1,high
KR0000385540,KR7385540000,RISE 종합채권(A-이상)액티브,채권/금리,ETF,1,mid
KR0000371460,KR7371460007,TIGER 차이나전기차SOLACTIVE,해외주식(미국),ETF,3,high
KR0000292150,KR7292150000,TIGER 코리아TOP10,해외주식,ETF,3,mid
KR0000305720,KR7305720005,KODEX 2차전지산업,해외주식,ETF,3,mid
KR0000487230,KR7487230005,KODEX 미국AI전력핵심인프라,해외주식(미국),ETF,3,mid
KR0000294400,KR7294400007,KIWOOM 200TR,국내주식,ETF,2,mid
KR0000315930,KR7315930008,KODEX Top5PlusTR,해외주식,ETF,3,mid
KR0000379780,KR7379780000,RISE 미국S&P500,해외주식(미국),ETF,3,mid
KR0000449450,KR7449450006,PLUS K방산,해외주식,ETF,3,mid
KR00000139F0,KR70139F0001,TIGER 12월자동연장금융채(AA-이상)액티브,채권/금리,ETF,1,high
KR0000252670,KR7252670005,KODEX 200선물인버스2X,파생(인버스),ETF,4,high
KR0000476550,KR7476550009,TIGER 미국30년국채커버드콜액티브(H),채권/금리,ETF,1,high
KR0000457480,KR7457480002,ACE 테슬라밸류체인액티브,해외주식(미국),ETF,3,mid
KR00000061Z0,KR70061Z0009,RISE 단기특수은행채액티브,채권/금리,ETF,1,mid
KR0000368590,KR7368590006,RISE 미국나스닥100,해외주식(미국),ETF,3,mid
KR0000395160,KR7395160005,KODEX AI반도체,해외주식,ETF,3,mid
KR0000477080,KR7477080006,RISE CD금리액티브(합성),채권/금리,ETF,1,mid
KR0000152100,KR7152100004,PLUS 200,국내주식,ETF,2,mid
KR0000441640,KR7441640000,KODEX 미국배당커버드콜액티브,해외주식(미국),ETF,3,high
KR0000456600,KR7456600006,TIMEFOLIO 글로벌AI인공지능액티브,해외주식(미국),ETF,3,mid
KR0000487240,KR7487240004,KODEX AI전력핵심설비,해외주식,ETF,3,mid
KR0000371160,KR7371160003,TIGER 차이나항셍테크,해외주식(미국),ETF,3,mid
KR0000329200,KR7329200000,TIGER 리츠부동산인프라,해외주식,ETF,3,mid
KR0000426030,KR7426030003,TIMEFOLIO 미국나스닥100액티브,해외주식(미국),ETF,3,mid
KR0000465580,KR7465580009,ACE 미국빅테크TOP7 Plus,해외주식(미국),ETF,3,mid
KR00000072R0,KR70072R0006,TIGER KRX금현물,원자재,ETF,3,mid
KR0000451540,KR7451540009,TIGER 종합채권(AA-이상)액티브,채권/금리,ETF,1,high
KR0000305540,KR7305540007,TIGER 2차전지테마,해외주식,ETF,3,mid
KR0000436140,KR7436140008,SOL 종합채권(AA-이상)액티브,채권/금리,ETF,1,mid
KR0000486290,KR7486290000,TIGER 미국나스닥100타겟데일리커버드콜,해외주식(미국),ETF,3,low
KR0000494670,KR7494670003,TIGER 조선TOP10,해외주식,ETF,3,mid
KR0000157450,KR7157450008,TIGER 단기통안채,채권/금리,ETF,1,mid
KR0000469830,KR7469830004,SOL 초단기채권액티브,채권/금리,ETF,1,mid
KR0000356540,KR7356540005,ACE 종합채권(AA-이상)액티브,채권/금리,ETF,1,mid
KR0000479080,KR7479080004,1Q 머니마켓액티브,채권/금리,ETF,1,mid
KR0000481060,KR7481060002,KODEX 미국30년국채타겟커버드콜(합성 H),채권/금리,ETF,1,mid
KR0000497570,KR7497570002,TIGER 미국필라델피아AI반도체나스닥,해외주식(미국),ETF,3,low
KR0000458760,KR7458760006,TIGER 미국배당다우존스타겟커버드콜2호,해외주식(미국),ETF,3,mid
KR0000105190,KR7105190003,ACE 200,국내주식,ETF,2,mid
KR0000446770,KR7446770000,ACE 글로벌반도체TOP4 Plus,해외주식(미국),ETF,3,mid
KR0000458250,KR7458250008,TIGER 미국30년국채스트립액티브(합성 H),채권/금리,ETF,1,high
KR0000438080,KR7438080004,ACE 미국S&P500미국채혼합50액티브,단기자금/MMF,ETF,1,mid
KR0000114800,KR7114800006,KODEX 인버스,파생(인버스),ETF,4,high
KR0000395270,KR7395270002,HANARO Fn K-반도체,해외주식,ETF,3,mid
KR0000446720,KR7446720005,SOL 미국배당다우존스,해외주식(미국),ETF,3,mid
KR0000390390,KR7390390003,KODEX 미국반도체,해외주식(미국),ETF,3,mid
KR0000272580,KR7272580002,TIGER 단기채권액티브,채권/금리,ETF,1,high
KR0000226490,KR7226490001,KODEX 코스피,국내주식,ETF,2,low
KR0000438330,KR7438330003,TIGER 우량회사채액티브,채권/금리,ETF,1,high
KR0000473290,KR7473290005,KODEX 26-12 회사채(AA-이상)액티브,채권/금리,ETF,1,high
KR0000153130,KR7153130000,KODEX 단기채권,채권/금리,ETF,1,mid
KR0000144600,KR7144600004,KODEX 은선물(H),원자재,ETF,3,high
KR0000314250,KR7314250002,KODEX 미국빅테크10(H),해외주식(미국),ETF,3,mid
KR0000449180,KR7449180009,KODEX 미국S&P500(H),해외주식(미국),ETF,3,low
KR0000484790,KR7484790001,KODEX 미국30년국채액티브(H),채권/금리,ETF,1,high
KR0000475720,KR7475720009,RISE 200위클리커버드콜,파생(인버스),ETF,4,mid
KR0000284430,KR7284430006,KODEX 200미국채혼합,채권/금리,ETF,1,low
KR0000479520,KR7479520009,RISE KOFR금리액티브(합성),채권/금리,ETF,1,mid
KR0000447770,KR7447770009,TIGER 테슬라채권혼합Fn,단기자금/MMF,ETF,1,mid
KR0000494890,KR7494890007,KODEX 200액티브,국내주식,ETF,2,high
KR0000494310,KR7494310006,KODEX 반도체레버리지,해외주식,ETF,3,high
KR0000402970,KR7402970008,ACE 미국배당다우존스,해외주식(미국),ETF,3,mid
KR0000462010,KR7462010000,TIGER 2차전지소재Fn,해외주식,ETF,3,mid
KR0000466940,KR7466940004,TIGER 은행고배당플러스TOP10,해외주식,ETF,3,mid
KR0000455030,KR7455030007,KODEX 미국달러SOFR금리액티브(합성),채권/금리,ETF,1,high
KR0000139260,KR7139260004,TIGER 200 IT,해외주식,ETF,3,low
KR0000439870,KR7439870007,KODEX 국고채30년액티브,채권/금리,ETF,1,high
KR0000471230,KR7471230003,KODEX 국고채10년액티브,채권/금리,ETF,1,high
KR0000483280,KR7483280004,KODEX 미국AI테크TOP10타겟커버드콜,해외주식(미국),ETF,3,mid
KR0000069660,KR7069660009,KIWOOM 200,국내주식,ETF,2,mid
KR0000293180,KR7293180006,HANARO 200,국내주식,ETF,2,mid
KR0000456610,KR7456610005,TIGER 미국달러SOFR금리액티브(합성),채권/금리,ETF,1,high
KR0000385560,KR7385560008,RISE KIS국고채30년Enhanced,채권/금리,ETF,1,mid
KR0000476800,KR7476800008,KODEX 한국부동산리츠인프라,단기자금/MMF,ETF,1,mid
KR0000148070,KR7148070006,KIWOOM 국고채10년,채권/금리,ETF,1,mid
KR0000477050,KR7477050009,PLUS 머니마켓액티브,채권/금리,ETF,1,mid
KR00000127P0,KR70127P0003,ACE 미국대형성장주액티브,해외주식(미국),ETF,3,mid
KR0000445290,KR7445290000,KODEX 로봇액티브,해외주식,ETF,3,high
KR0000434730,KR7434730008,HANARO 원자력iSelect,해외주식,ETF,3,mid
KR0000091230,KR7091230003,TIGER 반도체,해외주식,ETF,3,mid
KR0000498410,KR7498410000,KODEX 금융고배당TOP10타겟위클리커버드콜,해외주식,ETF,3,mid
KR00000048J0,KR70048J0007,KODEX 미국머니마켓액티브,채권/금리,ETF,1,high
KR0000438100,KR7438100000,ACE 미국나스닥100미국채혼합50액티브,단기자금/MMF,ETF,1,mid
KR0000474220,KR7474220001,TIGER 미국테크TOP10타겟커버드콜,해외주식(미국),ETF,3,mid
KR00000023A0,KR70023A0005,SOL 미국양자컴퓨팅TOP10,해외주식(미국),ETF,3,mid
KR0000455850,KR7455850008,SOL AI반도체소부장,해외주식,ETF,3,mid
KR0000462900,KR7462900002,KoAct 바이오헬스케어액티브,해외주식,ETF,3,mid
KR0000463050,KR7463050005,TIMEFOLIO K바이오액티브,해외주식,ETF,3,mid
KR0000449190,KR7449190008,KODEX 미국나스닥100(H),해외주식(미국),ETF,3,low
KR0000451000,KR7451000004,PLUS 종합채권(AA-이상)액티브,채권/금리,ETF,1,mid
KR0000494300,KR7494300007,KODEX 미국나스닥100데일리커버드콜OTM,해외주식(미국),ETF,3,low
KR00000025N0,KR70025N0008,TIGER TDF2045,단기자금/MMF,ETF,1,mid
KR0000480260,KR7480260009,TIGER 27-04회사채(A+이상)액티브,채권/금리,ETF,1,high
KR0000490590,KR7490590007,RISE 미국AI밸류체인데일리고정커버드콜,해외주식(미국),ETF,3,mid
KR0000462330,KR7462330002,KODEX 2차전지산업레버리지,해외주식,ETF,3,high
KR0000329750,KR7329750004,TIGER 미국달러단기채권액티브,채권/금리,ETF,1,high
KR0000365780,KR7365780006,ACE 국고채10년,채권/금리,ETF,1,mid
KR0000251350,KR7251350005,KODEX MSCI선진국,해외주식(미국),ETF,3,mid
KR0000364980,KR7364980003,TIGER 2차전지TOP10,해외주식,ETF,3,mid
KR0000487340,KR7487340002,ACE 머니마켓액티브,채권/금리,ETF,1,mid
KR0000454780,KR7454780008,KIWOOM 종합채권(AA-이상)액티브,채권/금리,ETF,1,mid
KR00000007F0,KR70007F0000,KODEX 27-12 회사채(AA-이상)액티브,채권/금리,ETF,1,high
KR0000439860,KR7439860008,KODEX ESG종합채권(A-이상)액티브,채권/금리,ETF,1,high
KR00000053L0,KR70053L0005,TIGER 차이나휴머노이드로봇,해외주식(미국),ETF,3,mid
KR0000482730,KR7482730009,TIGER 미국S&P500타겟데일리커버드콜,해외주식(미국),ETF,3,low
KR0000453870,KR7453870008,TIGER 인도니프티50,해외주식(미국),ETF,3,mid
KR0000139230,KR7139230007,TIGER 200 중공업,해외주식,ETF,3,low
KR0000091170,KR7091170001,KODEX 은행,해외주식,ETF,3,mid
KR0000453810,KR7453810004,KODEX 인도Nifty50,해외주식(미국),ETF,3,mid
KR0000102970,KR7102970001,KODEX 증권,해외주식,ETF,3,mid
KR0000448290,KR7448290007,TIGER 미국S&P500(H),해외주식(미국),ETF,3,low
KR0000091180,KR7091180000,KODEX 자동차,해외주식,ETF,3,mid
KR00000052D0,KR70052D0006,TIGER 코리아배당다우존스,해외주식,ETF,3,mid
KR0000434060,KR7434060000,KODEX TDF2050액티브,단기자금/MMF,ETF,1,high
KR0000132030,KR7132030008,KODEX 골드선물(H),원자재,ETF,3,high
KR0000499660,KR7499660009,TIGER CD금리플러스액티브(합성),단기자금/MMF,ETF,1,high
KR0000437080,KR7437080005,KODEX 미국종합채권ESG액티브(H),채권/금리,ETF,1,high
KR0000114260,KR7114260003,KODEX 국고채3년,채권/금리,ETF,1,mid
KR00000117V0,KR70117V0007,TIGER 코리아AI전력기기TOP3플러스,해외주식,ETF,3,mid
KR0000491010,KR7491010005,TIGER 글로벌AI전력인프라액티브,해외주식(미국),ETF,3,high
KR00000046A0,KR70046A0008,TIGER 미국초단기(3개월이하)국채,채권/금리,ETF,1,mid
KR0000442320,KR7442320008,RISE 글로벌원자력,해외주식(미국),ETF,3,mid
KR0000251600,KR7251600003,PLUS 고배당주채권혼합,단기자금/MMF,ETF,1,mid
KR0000441680,KR7441680006,TIGER 미국나스닥100커버드콜(합성),단기자금/MMF,ETF,1,low
KR0000473460,KR7473460004,KODEX 미국서학개미,해외주식(미국),ETF,3,mid
KR0000423920,KR7423920008,TIGER 미국필라델피아반도체레버리지(합성),해외주식(미국),ETF,3,high
KR0000361580,KR7361580004,RISE 200TR,국내주식,ETF,2,mid
KR0000461490,KR7461490005,RISE 글로벌자산배분액티브,단기자금/MMF,ETF,1,mid
KR0000466950,KR7466950003,TIGER 글로벌AI액티브,해외주식(미국),ETF,3,high
KR0000473330,KR7473330009,SOL 미국30년국채커버드콜(합성),채권/금리,ETF,1,mid
KR0000488080,KR7488080003,TIGER 반도체TOP10레버리지,파생(인버스),ETF,4,high
KR0000232080,KR7232080002,TIGER 코스닥150,국내주식,ETF,2,low
KR0000472870,KR7472870005,RISE 미국30년국채엔화노출(합성 H),채권/금리,ETF,1,mid
KR00000051G0,KR70051G0004,SOL 미국원자력SMR,해외주식(미국),ETF,3,mid
KR0000472170,KR7472170000,TIGER 미국테크TOP10채권혼합,단기자금/MMF,ETF,1,mid
KR0000489250,KR7489250001,KODEX 미국배당다우존스,해외주식(미국),ETF,3,mid
KR0000456880,KR7456880004,ACE 미국달러SOFR금리(합성),단기자금/MMF,ETF,1,mid
KR0000228790,KR7228790002,TIGER 화장품,해외주식,ETF,3,mid
KR0000476760,KR7476760004,ACE 미국30년국채액티브,채권/금리,ETF,1,mid
KR0000241180,KR7241180009,TIGER 일본니케이225,해외주식(미국),ETF,3,mid
KR00000060H0,KR70060H0002,TIGER 토탈월드스탁액티브,국내주식,ETF,2,high
KR0000444200,KR7444200000,SOL 코리아메가테크액티브,해외주식,ETF,3,mid
KR0000472160,KR7472160001,TIGER 미국테크TOP10 INDXX(H),해외주식(미국),ETF,3,mid
KR0000245710,KR7245710009,ACE 베트남VN30(합성),해외주식(미국),ETF,3,mid
KR0000363570,KR7363570003,KODEX 장기종합채권(AA-이상)액티브,채권/금리,ETF,1,high
KR00000038A0,KR70038A0008,KODEX 미국휴머노이드로봇,해외주식(미국),ETF,3,mid
KR0000495850,KR7495850000,KODEX 코리아밸류업,국내주식,ETF,2,mid
KR0000190620,KR7190620005,ACE 단기통안채,채권/금리,ETF,1,mid
KR0000475080,KR7475080008,KODEX 테슬라커버드콜채권혼합액티브,단기자금/MMF,ETF,1,high
KR0000394660,KR7394660005,TIGER 글로벌자율주행&전기차SOLACTIVE,해외주식(미국),ETF,3,high
KR0000302190,KR7302190004,TIGER 중장기국채,채권/금리,ETF,1,mid
KR0000485540,KR7485540009,KODEX 미국AI테크TOP10,해외주식(미국),ETF,3,mid
KR0000448300,KR7448300004,TIGER 미국나스닥100(H),해외주식(미국),ETF,3,low
KR0000277630,KR7277630000,TIGER 코스피,국내주식,ETF,2,low
KR0000490490,KR7490490000,SOL 미국배당미국채혼합50,단기자금/MMF,ETF,1,mid
KR0000441800,KR7441800000,TIMEFOLIO Korea플러스배당액티브,국내주식,ETF,2,mid
KR00000047A0,KR70047A0007,TIGER 차이나테크TOP10,해외주식(미국),ETF,3,mid
KR0000273140,KR7273140004,KODEX 단기변동금리부채권액티브,채권/금리,ETF,1,high
KR0000463250,KR7463250001,TIGER K방산&우주,해외주식,ETF,3,mid
KR0000237350,KR7237350004,KODEX 코스피100,국내주식,ETF,2,low
KR0000448330,KR7448330001,KODEX 삼성전자채권혼합,국내주식,ETF,2,mid
KR0000364970,KR7364970004,TIGER 바이오TOP10,해외주식,ETF,3,mid
KR0000394670,KR7394670004,TIGER 글로벌리튬&2차전지SOLACTIVE(합성),해외주식(미국),ETF,3,high
KR0000484880,KR7484880000,SOL 금융지주플러스고배당,해외주식,ETF,3,mid
KR0000481190,KR7481190007,SOL 미국테크TOP10,해외주식(미국),ETF,3,mid
KR0000458260,KR7458260007,TIGER 미국투자등급회사채액티브(H),채권/금리,ETF,1,high
KR0000435420,KR7435420005,TIGER 미국나스닥100채권혼합Fn,단기자금/MMF,ETF,1,low
KR00000016X0,KR70016X0007,SOL 중단기회사채(A-이상)액티브,채권/금리,ETF,1,mid
KR00000105E0,KR70105E0002,SOL 코리아고배당,해외주식,ETF,3,mid
KR0000295040,KR7295040000,SOL 200TR,국내주식,ETF,2,mid
KR0000448540,KR7448540005,ACE 엔비디아채권혼합,단기자금/MMF,ETF,1,mid
KR00000040Y0,KR70040Y0006,SOL 팔란티어커버드콜OTM채권혼합,단기자금/MMF,ETF,1,mid
KR0000491620,KR7491620001,RISE 미국테크100데일리고정커버드콜,해외주식(미국),ETF,3,mid
KR0000244580,KR7244580007,KODEX 바이오,해외주식,ETF,3,mid
KR0000498270,KR7498270008,KIWOOM 미국양자컴퓨팅,해외주식(미국),ETF,3,mid
KR0000418660,KR7418660007,TIGER 미국나스닥100레버리지(합성),해외주식(미국),ETF,3,high
KR0000469070,KR7469070007,RISE AI&로봇,해외주식,ETF,3,mid
KR0000307520,KR7307520007,TIGER 지주회사,해외주식,ETF,3,mid
KR0000464240,KR7464240001,KIWOOM 26-09회사채(AA-이상)액티브,채권/금리,ETF,1,mid
KR0000493810,KR7493810006,TIGER 미국AI빅테크10타겟데일리커버드콜,해외주식(미국),ETF,3,mid
KR0000261260,KR7261260004,KODEX 미국달러선물인버스2X,단기자금/MMF,ETF,1,high
KR0000486450,KR7486450000,SOL 미국AI전력인프라,해외주식(미국),ETF,3,mid
KR00000048K0,KR70048K0004,KODEX 차이나휴머노이드로봇,해외주식(미국),ETF,3,mid
KR0000385550,KR7385550009,RISE 단기채권알파액티브,채권/금리,ETF,1,mid
KR0000478150,KR7478150006,TIMEFOLIO 글로벌우주테크&방산액티브,해외주식(미국),ETF,3,mid
KR0000329650,KR7329650006,KODEX TRF3070,단기자금/MMF,ETF,1,mid
KR0000279530,KR7279530000,KODEX 고배당주,해외주식,ETF,3,mid
KR0000472150,KR7472150002,TIGER 배당커버드콜액티브,해외주식,ETF,3,high
KR00000026S0,KR70026S0002,1Q 미국S&P500,해외주식(미국),ETF,3,mid
KR0000143860,KR7143860005,TIGER 헬스케어,해외주식,ETF,3,mid
KR00000091P0,KR70091P0005,TIGER 코리아원자력,해외주식,ETF,3,mid
KR0000196230,KR7196230007,RISE 단기통안채,채권/금리,ETF,1,mid
KR0000495050,KR7495050007,RISE 코리아밸류업,국내주식,ETF,2,mid
KR0000476450,KR7476450002,KIWOOM 머니마켓액티브,채권/금리,ETF,1,mid
KR0000305080,KR7305080004,TIGER 미국채10년선물,채권/금리,ETF,1,high
KR00000094K0,KR70094K0007,TIGER 28-04 회사채(A+이상)액티브,채권/금리,ETF,1,high
KR0000283580,KR7283580009,KODEX 차이나CSI300,해외주식(미국),ETF,3,mid
KR0000409820,KR7409820008,KODEX 미국나스닥100레버리지(합성 H),해외주식(미국),ETF,3,high
KR0000471990,KR7471990002,KODEX AI반도체핵심장비,해외주식,ETF,3,mid
KR0000304660,KR7304660004,KODEX 미국30년국채울트라선물(H),채권/금리,ETF,1,high
KR0000200250,KR7200250009,KIWOOM 인도Nifty50(합성),해외주식(미국),ETF,3,mid
KR0000490090,KR7490090008,TIGER 미국AI빅테크10,해외주식(미국),ETF,3,mid
KR0000302450,KR7302450002,RISE 코스피,국내주식,ETF,2,mid
KR0000475050,KR7475050001,ACE KPOP포커스,해외주식,ETF,3,mid
KR00000080G0,KR70080G0009,KODEX K방산TOP10,해외주식,ETF,3,mid
KR0000481180,KR7481180008,SOL 미국AI소프트웨어,해외주식(미국),ETF,3,mid
KR0000491610,KR7491610002,1Q CD금리액티브(합성),채권/금리,ETF,1,mid
KR00000064K0,KR70064K0003,KODEX 금액티브,원자재,ETF,3,high
KR0000488980,KR7488980004,SOL 26-12 회사채(AA-이상)액티브,채권/금리,ETF,1,mid
KR0000251340,KR7251340006,KODEX 코스닥150선물인버스,파생(인버스),ETF,4,high
KR0000388420,KR7388420002,RISE 비메모리반도체액티브,해외주식,ETF,3,mid
KR0000461950,KR7461950008,KODEX 2차전지핵심소재10,해외주식,ETF,3,mid
KR0000433330,KR7433330008,SOL 미국S&P500,해외주식(미국),ETF,3,mid
KR0000422420,KR7422420000,RISE 2차전지액티브,해외주식,ETF,3,mid
KR0000469150,KR7469150007,ACE AI반도체포커스,해외주식,ETF,3,mid
KR0000414780,KR7414780007,TIGER 차이나과창판STAR50(합성),해외주식(미국),ETF,3,mid
KR00000052S0,KR70052S0009,1Q 미국S&P500미국채혼합50액티브,단기자금/MMF,ETF,1,mid
KR00000089D0,KR70089D0003,KODEX 금융고배당TOP10,해외주식,ETF,3,mid
KR0000483320,KR7483320008,ACE 엔비디아밸류체인액티브,해외주식(미국),ETF,3,mid
KR0000192090,KR7192090009,TIGER 차이나CSI300,해외주식(미국),ETF,3,mid
KR00000043Y0,KR70043Y0003,TIMEFOLIO 차이나AI테크액티브,해외주식(미국),ETF,3,mid
KR0000452360,KR7452360001,SOL 미국배당다우존스(H),해외주식(미국),ETF,3,mid
KR00000052T0,KR70052T0008,1Q 중단기회사채(A-이상)액티브,채권/금리,ETF,1,mid
KR0000385510,KR7385510003,KODEX 신재생에너지액티브,해외주식,ETF,3,high
KR00000123G0,KR70123G0008,TIGER 미국AI전력SMR,해외주식(미국),ETF,3,mid
KR00000092C0,KR70092C0009,SOL 27-12 회사채(AA-이상)액티브,채권/금리,ETF,1,mid
KR00000001S0,KR70001S0001,TIGER 26-04 회사채(A+이상)액티브,채권/금리,ETF,1,high
KR0000272560,KR7272560004,RISE 단기국공채액티브,채권/금리,ETF,1,mid
KR0000480020,KR7480020007,ACE 미국빅테크7+데일리타겟커버드콜(합성),해외주식(미국),ETF,3,mid
KR0000310960,KR7310960000,TIGER 200TR,국내주식,ETF,2,low
KR0000458210,KR7458210002,KIWOOM CD금리액티브(합성),단기자금/MMF,ETF,1,mid
KR0000157490,KR7157490004,TIGER 소프트웨어,해외주식,ETF,3,mid
KR0000489030,KR7489030007,PLUS 고배당주위클리커버드콜,해외주식,ETF,3,mid
KR00000080Y0,KR70080Y0007,SOL 조선TOP3플러스레버리지,해외주식,ETF,3,mid
KR0000472920,KR7472920008,HK 종합채권(AA-이상)액티브,채권/금리,ETF,1,mid
KR0000496080,KR7496080003,TIGER 코리아밸류업,국내주식,ETF,2,mid
KR0000471040,KR7471040006,KoAct 글로벌AI&로봇액티브,해외주식(미국),ETF,3,mid
KR0000465780,KR7465780005,마이티 26-09 특수채(AAA)액티브,채권/금리,ETF,1,mid
KR0000496020,KR7496020009,WON 전단채플러스액티브,채권/금리,ETF,1,mid
KR0000372330,KR7372330001,KODEX 차이나항셍테크,해외주식(미국),ETF,3,mid
KR0000461270,KR7461270001,ACE 26-06 회사채(AA-이상)액티브,채권/금리,ETF,1,mid
KR0000157500,KR7157500000,TIGER 증권,해외주식,ETF,3,mid
KR0000315960,KR7315960005,RISE 대형고배당10TR,해외주식,ETF,3,mid
KR0000213610,KR7213610009,KODEX 삼성그룹밸류,해외주식,ETF,3,mid
KR0000451060,KR7451060008,1Q 200액티브,국내주식,ETF,2,mid
KR00000144L0,KR70144L0006,KODEX 미국성장커버드콜액티브,해외주식(미국),ETF,3,high
KR0000182480,KR7182480004,TIGER 미국MSCI리츠(합성 H),단기자금/MMF,ETF,1,mid
KR0000463290,KR7463290007,1Q 단기금융채액티브,채권/금리,ETF,1,mid
KR00000040X0,KR70040X0007,SOL 팔란티어미국채커버드콜혼합,단기자금/MMF,ETF,1,mid
KR00000131V0,KR70131V0009,1Q 미국우주항공테크,해외주식(미국),ETF,3,mid
KR00000091C0,KR70091C0000,KODEX 미국10년국채액티브(H),채권/금리,ETF,1,high
KR00000111P0,KR70111P0001,1Q 미국나스닥100미국채혼합50액티브,단기자금/MMF,ETF,1,mid
KR00000127M0,KR70127M0006,ACE 미국대형가치주액티브,해외주식(미국),ETF,3,mid
KR00000008S0,KR70008S0004,TIGER 미국배당다우존스타겟데일리커버드콜,해외주식(미국),ETF,3,mid
KR0000123320,KR7123320004,TIGER 레버리지,파생(인버스),ETF,4,high
KR0000325010,KR7325010007,KODEX 성장주,해외주식,ETF,3,mid
KR0000480030,KR7480030006,ACE 미국500데일리타겟커버드콜(합성),해외주식(미국),ETF,3,mid
KR0000385720,KR7385720008,TIMEFOLIO 코스피액티브,국내주식,ETF,2,mid
KR00000000J0,KR70000J0003,PLUS 한화그룹주,해외주식,ETF,3,mid
KR00000119H0,KR70119H0003,KODEX 28-12 회사채(AA-이상)액티브,채권/금리,ETF,1,high
KR0000219480,KR7219480001,KODEX 미국S&P500선물(H),해외주식(미국),ETF,3,high
KR00000122W0,KR70122W0009,RISE 26-11 회사채(AA-이상)액티브,채권/금리,ETF,1,mid
KR0000483290,KR7483290003,KODEX 미국배당다우존스타겟커버드콜,해외주식(미국),ETF,3,mid
KR0000464930,KR7464930007,TIGER 글로벌혁신블루칩TOP10,해외주식(미국),ETF,3,mid
KR0000481430,KR7481430007,RISE 국고채10년액티브,채권/금리,ETF,1,mid
KR0000130730,KR7130730005,KIWOOM 단기자금,채권/금리,ETF,1,mid
KR00000118Z0,KR70118Z0002,ACE 미국AI테크핵심산업액티브,해외주식(미국),ETF,3,mid
KR0000325020,KR7325020006,KODEX 배당가치,해외주식,ETF,3,mid
KR0000497880,KR7497880005,SOL CD금리&머니마켓액티브,채권/금리,ETF,1,mid
KR0000455860,KR7455860007,SOL 2차전지소부장Fn,해외주식,ETF,3,mid
KR0000309230,KR7309230001,ACE 미국WideMoat동일가중,해외주식(미국),ETF,3,mid
KR00000019K0,KR70019K0009,TIMEFOLIO 미국나스닥100채권혼합50액티브,단기자금/MMF,ETF,1,mid
KR0000396520,KR7396520009,TIGER 차이나반도체FACTSET,해외주식(미국),ETF,3,mid
KR0000114100,KR7114100001,RISE 국고채3년,채권/금리,ETF,1,mid
KR0000491230,KR7491230009,PLUS 국공채머니마켓액티브,채권/금리,ETF,1,mid
KR0000403790,KR7403790009,마이다스 코스피액티브,국내주식,ETF,2,mid
KR0000433500,KR7433500006,ACE 원자력TOP10,해외주식,ETF,3,mid
KR0000426020,KR7426020004,TIMEFOLIO 미국S&P500액티브,해외주식(미국),ETF,3,mid
KR0000270810,KR7270810005,RISE 코스닥150,국내주식,ETF,2,mid
KR0000319640,KR7319640009,TIGER 골드선물(H),해외주식(미국),ETF,3,high
KR0000479730,KR7479730004,TIGER 인도빌리언컨슈머,해외주식(미국),ETF,3,mid
KR0000228810,KR7228810008,TIGER 미디어컨텐츠,해외주식,ETF,3,mid
KR0000245340,KR7245340005,TIGER 미국다우존스30,해외주식(미국),ETF,3,mid
KR00000074K0,KR70074K0001,KoAct K수출핵심기업TOP30액티브,해외주식,ETF,3,mid
KR0000465610,KR7465610004,ACE 미국빅테크TOP7 Plus레버리지(합성),해외주식(미국),ETF,3,mid
KR0000267770,KR7267770006,TIGER 200선물레버리지,파생(인버스),ETF,4,high
KR00000099L0,KR70099L0001,ACE 우량회사채(AA-이상)액티브,채권/금리,ETF,1,mid
KR00000102A0,KR70102A0009,TIGER 미국AI소프트웨어TOP4Plus,해외주식(미국),ETF,3,mid
KR0000367770,KR7367770005,RISE 수소경제테마,해외주식,ETF,3,mid
KR0000168580,KR7168580009,ACE 중국본토CSI300,해외주식(미국),ETF,3,mid
KR0000464310,KR7464310002,TIGER 글로벌AI&로보틱스 INDXX,해외주식(미국),ETF,3,mid
KR00000005A0,KR70005A0007,KODEX 미국S&P500데일리커버드콜OTM,해외주식(미국),ETF,3,low
KR0000364960,KR7364960005,TIGER BBIG,해외주식,ETF,3,mid
KR0000451530,KR7451530000,TIGER 국고채30년스트립액티브,채권/금리,ETF,1,high
KR0000136340,KR7136340007,RISE 중기우량회사채,채권/금리,ETF,1,mid
KR0000429000,KR7429000003,TIGER 미국S&P500배당귀족,해외주식(미국),ETF,3,low
KR0000138540,KR7138540000,TIGER 현대차그룹+펀더멘털,해외주식,ETF,3,mid
KR0000466930,KR7466930005,SOL 자동차TOP3플러스,해외주식,ETF,3,mid
KR0000412770,KR7412770000,TIGER 글로벌AI플랫폼액티브,해외주식(미국),ETF,3,high
KR00000000Y0,KR70000Y0004,HK 26-12 회사채(AA-이상)액티브,채권/금리,ETF,1,mid
KR0000266160,KR7266160001,RISE 고배당,해외주식,ETF,3,mid
KR0000412570,KR7412570004,TIGER 2차전지TOP10레버리지,해외주식,ETF,3,high
KR0000474590,KR7474590007,WON 반도체밸류체인액티브,해외주식,ETF,3,mid
KR00000115E0,KR70115E0000,KODEX 코리아소버린AI,해외주식,ETF,3,mid
KR0000204480,KR7204480008,TIGER 차이나CSI300레버리지(합성),해외주식(미국),ETF,3,high
KR0000441540,KR7441540002,HANARO Fn조선해운,해외주식,ETF,3,mid
KR0000498180,KR7498180009,파워 종합채권(AA-이상)액티브,채권/금리,ETF,1,mid
KR0000483340,KR7483340006,ACE 구글밸류체인액티브,해외주식(미국),ETF,3,mid
KR0000488500,KR7488500000,TIGER 미국S&P500동일가중,해외주식(미국),ETF,3,low
KR0000332930,KR7332930007,HANARO 200TR,국내주식,ETF,2,mid
KR0000160580,KR7160580007,TIGER 구리실물,원자재,ETF,3,mid
KR0000447620,KR7447620006,SOL 미국TOP5채권혼합40 Solactive,단기자금/MMF,ETF,1,mid
KR0000304940,KR7304940000,KODEX 미국나스닥100선물(H),해외주식(미국),ETF,3,high
KR0000442580,KR7442580007,PLUS 글로벌HBM반도체,해외주식(미국),ETF,3,mid
KR0000468380,KR7468380001,KODEX iShares미국하이일드액티브,채권/금리,ETF,1,high
KR0000290130,KR7290130004,RISE ESG사회책임투자,해외주식,ETF,3,mid
KR00000131W0,KR70131W0008,1Q 단기특수은행채액티브,채권/금리,ETF,1,mid
KR0000278240,KR7278240007,RISE 코스닥150선물레버리지,파생(인버스),ETF,4,mid
KR0000266420,KR7266420009,KODEX 헬스케어,해외주식,ETF,3,mid
KR0000114820,KR7114820004,TIGER 국채3년,채권/금리,ETF,1,mid
KR0000237370,KR7237370002,KODEX 코리아배당성장채권혼합,단기자금/MMF,ETF,1,mid
KR0000152870,KR7152870002,파워 200,국내주식,ETF,2,mid
KR0000495710,KR7495710006,BNK 26-06 특수채(AAA이상)액티브,채권/금리,ETF,1,mid
KR0000203780,KR7203780002,TIGER 미국나스닥바이오,해외주식(미국),ETF,3,low
KR00000036R0,KR70036R0001,RISE 미국휴머노이드로봇,해외주식(미국),ETF,3,mid
KR0000490600,KR7490600004,RISE 미국배당100데일리고정커버드콜,해외주식(미국),ETF,3,mid
KR0000438570,KR7438570004,SOL 국고채10년,채권/금리,ETF,1,mid
KR0000399110,KR7399110006,SOL 미국S&P500ESG,해외주식(미국),ETF,3,mid
KR00000086B0,KR70086B0008,TIGER 리츠부동산인프라TOP10액티브,해외주식,ETF,3,high
KR0000471760,KR7471760009,TIGER AI반도체핵심공정,해외주식,ETF,3,mid
KR0000143850,KR7143850006,TIGER 미국S&P500선물(H),해외주식(미국),ETF,3,high
KR0000492500,KR7492500004,1Q 현대차그룹채권(A+이상)&국고통안,단기자금/MMF,ETF,1,mid
KR0000401170,KR7401170006,RISE 메타버스,해외주식,ETF,3,mid
KR0000329660,KR7329660005,KODEX TRF5050,단기자금/MMF,ETF,1,mid
KR00000135Y0,KR70135Y0002,ITF 중기종합채권(AA-이상)액티브,채권/금리,ETF,1,mid
KR00000115D0,KR70115D0001,KODEX K조선TOP10,해외주식,ETF,3,mid
KR0000411420,KR7411420003,KODEX 미국나스닥AI테크액티브,해외주식(미국),ETF,3,high
KR00000091M0,KR70091M0008,HANARO 27-06 회사채(AA-이상)액티브,채권/금리,ETF,1,mid
KR0000308620,KR7308620004,KODEX 미국10년국채선물,채권/금리,ETF,1,high
KR0000476750,KR7476750005,ACE 미국30년국채엔화노출액티브(H),채권/금리,ETF,1,mid
KR0000328370,KR7328370002,PLUS 코스피TR,국내주식,ETF,2,mid
KR0000480040,KR7480040005,ACE 미국반도체데일리타겟커버드콜(합성),해외주식(미국),ETF,3,mid
KR00000066W0,KR70066W0007,SOL 국제금,원자재,ETF,3,mid
KR0000490480,KR7490480001,SOL K방산,해외주식,ETF,3,mid
KR0000228800,KR7228800009,TIGER 여행레저,해외주식,ETF,3,mid
KR0000332500,KR7332500008,ACE 200TR,국내주식,ETF,2,mid
KR0000473440,KR7473440006,ACE 11월만기자동연장회사채AA-이상액티브,채권/금리,ETF,1,mid
KR0000433980,KR7433980000,KODEX TDF2040액티브,단기자금/MMF,ETF,1,high
KR00000098N0,KR70098N0000,PLUS 자사주매입고배당주,해외주식,ETF,3,mid
KR00000008T0,KR70008T0003,SOL 화장품TOP3플러스,해외주식,ETF,3,mid
KR0000269540,KR7269540001,PLUS 미국S&P500(H),해외주식(미국),ETF,3,mid
KR00000098F0,KR70098F0000,KODEX K원자력SMR,해외주식,ETF,3,mid
KR0000367760,KR7367760006,RISE 네트워크인프라,해외주식,ETF,3,mid
KR0000233160,KR7233160001,TIGER 코스닥150 레버리지,파생(인버스),ETF,4,high
KR0000401470,KR7401470000,KODEX 메타버스액티브,해외주식,ETF,3,high
KR0000485690,KR7485690002,RISE 미국AI밸류체인TOP3Plus,해외주식(미국),ETF,3,mid
KR0000195980,KR7195980008,PLUS 신흥국MSCI(합성 H),해외주식(미국),ETF,3,mid
KR0000423170,KR7423170000,SOL 한국형글로벌반도체액티브,해외주식(미국),ETF,3,mid
KR00000069M0,KR70069M0006,1Q 미국나스닥100,해외주식(미국),ETF,3,mid
KR0000326240,KR7326240009,RISE IT플러스,해외주식,ETF,3,mid
KR0000421320,KR7421320003,PLUS 우주항공&UAM,해외주식,ETF,3,mid
KR0000454320,KR7454320003,HANARO CAPEX설비투자iSelect,해외주식,ETF,3,mid
KR0000461500,KR7461500001,HANARO 종합채권(AA-이상)액티브,채권/금리,ETF,1,mid
KR0000261220,KR7261220008,KODEX WTI원유선물(H),원자재,ETF,3,high
KR0000453330,KR7453330003,RISE 미국S&P500(H),해외주식(미국),ETF,3,mid
KR00000089C0,KR70089C0004,KODEX 미국S&P500변동성확대시커버드콜,해외주식(미국),ETF,3,low
KR0000442570,KR7442570008,RISE TDF2050액티브,단기자금/MMF,ETF,1,mid
KR0000329670,KR7329670004,KODEX TRF7030,단기자금/MMF,ETF,1,mid
KR0000243880,KR7243880002,TIGER 200IT레버리지,해외주식,ETF,3,high
KR0000363580,KR7363580002,KODEX 200IT TR,해외주식,ETF,3,low
KR0000491820,KR7491820007,HANARO 전력설비투자,해외주식,ETF,3,mid
KR0000494220,KR7494220007,UNICORN SK하이닉스밸류체인액티브,해외주식,ETF,3,mid
KR0000496090,KR7496090002,KIWOOM 코리아밸류업,국내주식,ETF,2,mid
KR0000469170,KR7469170005,ACE 포스코그룹포커스,해외주식,ETF,3,mid
KR0000495230,KR7495230005,KoAct 코리아밸류업액티브,국내주식,ETF,2,mid
KR0000152380,KR7152380002,KODEX 국채선물10년,채권/금리,ETF,1,high
KR0000476070,KR7476070008,KODEX 글로벌비만치료제TOP2 Plus,해외주식(미국),ETF,3,mid
KR0000460960,KR7460960008,ACE 글로벌인컴TOP10,단기자금/MMF,ETF,1,mid
KR0000475280,KR7475280004,ACE 8월만기자동연장회사채AA-이상액티브,채권/금리,ETF,1,mid
KR00000082V0,KR70082V0008,KODEX TDF2060액티브,단기자금/MMF,ETF,1,high
KR0000473640,KR7473640001,HANARO 글로벌금채굴기업,해외주식(미국),ETF,3,mid
KR0000359210,KR7359210002,KODEX 코스피TR,국내주식,ETF,2,low
KR00000132H0,KR70132H0006,KODEX 미국원자력SMR,해외주식(미국),ETF,3,mid
KR0000304780,KR7304780000,HANARO 200선물레버리지,파생(인버스),ETF,4,mid
KR0000365000,KR7365000009,TIGER 인터넷TOP10,해외주식,ETF,3,mid
KR0000395290,KR7395290000,HANARO Fn K-POP&미디어,해외주식,ETF,3,mid
KR0000449770,KR7449770007,KIWOOM 미국S&P500,해외주식(미국),ETF,3,mid
KR0000448630,KR7448630004,RISE 삼성그룹Top3채권혼합,단기자금/MMF,ETF,1,mid
KR00000049M0,KR70049M0001,ACE 미국배당퀄리티+커버드콜액티브,해외주식(미국),ETF,3,mid
KR0000261240,KR7261240006,KODEX 미국달러선물,단기자금/MMF,ETF,1,high
KR0000447430,KR7447430000,ACE 주주환원가치주액티브,해외주식,ETF,3,mid
KR0000433970,KR7433970001,KODEX TDF2030액티브,단기자금/MMF,ETF,1,high
KR0000465350,KR7465350007,RISE 2차전지TOP10인버스(합성),파생(인버스),ETF,4,mid
KR00000026E0,KR70026E0008,KODEX 미국S&P500버퍼3월액티브,해외주식(미국),ETF,3,high
KR0000377990,KR7377990007,TIGER Fn신재생에너지,해외주식,ETF,3,mid
KR0000456680,KR7456680008,TIGER 차이나전기차레버리지(합성),해외주식(미국),ETF,3,high
KR0000495550,KR7495550006,SOL 코리아밸류업TR,국내주식,ETF,2,mid
KR0000150460,KR7150460004,TIGER 중국소비테마,해외주식,ETF,3,mid
KR00000118S0,KR70118S0001,SOL 미국넥스트테크TOP10액티브,해외주식(미국),ETF,3,mid
KR0000476030,KR7476030002,SOL 미국나스닥100,해외주식(미국),ETF,3,mid
KR0000371470,KR7371470006,TIGER 차이나바이오테크SOLACTIVE,해외주식(미국),ETF,3,high
KR0000275980,KR7275980001,TIGER 글로벌4차산업혁신기술(합성 H),해외주식(미국),ETF,3,mid
KR0000448100,KR7448100008,WON 200,국내주식,ETF,2,mid
KR00000015B0,KR70015B0004,KoAct 미국나스닥성장기업액티브,해외주식(미국),ETF,3,mid
KR0000475350,KR7475350005,RISE 버크셔포트폴리오TOP10,해외주식(미국),ETF,3,mid
KR0000400970,KR7400970000,TIGER Fn메타버스,해외주식,ETF,3,mid
KR0000445150,KR7445150006,KODEX 친환경조선해운액티브,해외주식,ETF,3,high
KR0000261270,KR7261270003,KODEX 미국달러선물인버스,단기자금/MMF,ETF,1,high
KR0000174360,KR7174360008,RISE 중국본토대형주CSI100,해외주식(미국),ETF,3,mid
KR0000473590,KR7473590008,ACE 미국주식베스트셀러,해외주식(미국),ETF,3,mid
KR00000017Y0,KR70017Y0005,1Q 종합채권(AA-이상)액티브,채권/금리,ETF,1,mid
KR0000332940,KR7332940006,HANARO MSCI Korea TR,국내주식,ETF,2,mid
KR0000108450,KR7108450008,ACE 삼성그룹섹터가중,해외주식,ETF,3,mid
KR00000041D0,KR70041D0000,KODEX 미국AI소프트웨어TOP10,해외주식(미국),ETF,3,mid
KR00000085P0,KR70085P0003,ACE 미국10년국채액티브,채권/금리,ETF,1,mid
KR0000419890,KR7419890009,KIWOOM 단기채권ESG액티브,채권/금리,ETF,1,mid
KR0000426150,KR7426150009,WON 대한민국국고채액티브,채권/금리,ETF,1,mid
KR0000453080,KR7453080004,KIWOOM 미국나스닥100(H),해외주식(미국),ETF,3,mid
KR0000488720,KR7488720004,WON 종합채권(AA-이상)액티브,단기자금/MMF,ETF,1,mid
KR0000452250,KR7452250004,ACE 미국30년국채선물레버리지(합성 H),채권/금리,ETF,1,mid
KR0000463680,KR7463680009,KODEX 미국S&P500테크놀로지,해외주식(미국),ETF,3,low
KR0000272910,KR7272910001,ACE 중장기국공채액티브,채권/금리,ETF,1,mid
KR0000210780,KR7210780003,TIGER 코스피고배당,해외주식,ETF,3,low
KR0000440640,KR7440640001,ACE 단기채권알파액티브,채권/금리,ETF,1,mid
KR0000225040,KR7225040005,TIGER 미국S&P500레버리지(합성 H),해외주식(미국),ETF,3,high
KR00000092B0,KR70092B0000,SOL 한국원자력SMR,해외주식,ETF,3,mid
KR0000261070,KR7261070007,TIGER 코스닥150바이오테크,해외주식,ETF,3,low
KR0000453640,KR7453640005,KODEX 미국S&P500헬스케어,해외주식(미국),ETF,3,low
KR0000491700,KR7491700001,HK 200,국내주식,ETF,2,mid
KR0000458750,KR7458750007,TIGER 미국배당다우존스타겟커버드콜1호,해외주식(미국),ETF,3,mid
KR0000292560,KR7292560000,TIGER 일본엔선물,단기자금/MMF,ETF,1,high
KR0000495330,KR7495330003,1Q 코리아밸류업,국내주식,ETF,2,mid
KR00000018C0,KR70018C0000,PLUS 고배당주위클리고정커버드콜,해외주식,ETF,3,mid
KR00000035T0,KR70035T0000,PLUS 글로벌휴머노이드로봇액티브,단기자금/MMF,ETF,1,mid
KR0000337160,KR7337160006,KODEX 200ESG,해외주식,ETF,3,low
KR0000139280,KR7139280002,TIGER 경기방어,해외주식,ETF,3,mid
KR0000458030,KR7458030004,WON 국공채머니마켓액티브,채권/금리,ETF,1,mid
KR00000067V0,KR70067V0007,TIGER 차이나글로벌리더스TOP3+,해외주식(미국),ETF,3,mid
KR0000476690,KR7476690003,TIGER 글로벌비만치료제TOP2Plus,해외주식(미국),ETF,3,mid
KR00000007G0,KR70007G0009,PLUS 글로벌원자력밸류체인,해외주식(미국),ETF,3,mid
KR00000123S0,KR70123S0004,HANARO 26-12 은행채(AA+이상)액티브,해외주식,ETF,3,mid
KR00000007N0,KR70007N0000,아이엠에셋 200,국내주식,ETF,2,mid
KR0000211560,KR7211560008,TIGER 배당성장,해외주식,ETF,3,mid
KR0000211900,KR7211900006,KODEX 코리아배당성장,해외주식,ETF,3,mid
KR00000022T0,KR70022T0005,SOL 국제금커버드콜액티브,해외주식(미국),ETF,3,mid
KR00000100K0,KR70100K0009,KODEX K방산TOP10레버리지,해외주식,ETF,3,high
KR0000472830,KR7472830009,RISE 미국30년국채커버드콜(합성),채권/금리,ETF,1,mid
KR00000000D0,KR70000D0009,TIGER 엔비디아미국채커버드콜밸런스(합성),단기자금/MMF,ETF,1,mid
KR00000101N0,KR70101N0005,RISE AI전력인프라,해외주식,ETF,3,mid
KR0000395170,KR7395170004,KODEX Top10동일가중,해외주식,ETF,3,mid
KR0000407830,KR7407830009,에셋플러스 글로벌플랫폼액티브,해외주식(미국),ETF,3,mid
KR0000139660,KR7139660005,KIWOOM 미국달러선물인버스,단기자금/MMF,ETF,1,mid
KR0000364990,KR7364990002,TIGER 게임TOP10,해외주식,ETF,3,mid
KR00000113D0,KR70113D0003,TIMEFOLIO 글로벌탑픽액티브,해외주식(미국),ETF,3,mid
KR0000444490,KR7444490007,WON 미국S&P500,해외주식(미국),ETF,3,mid
KR0000295020,KR7295020002,RISE 국채선물10년인버스,채권/금리,ETF,1,mid
KR00000068M0,KR70068M0007,KODEX 미국S&P500버퍼6월액티브,해외주식(미국),ETF,3,high
KR0000415920,KR7415920008,PLUS 글로벌희토류&전략자원생산기업,원자재,ETF,3,mid
KR0000266360,KR7266360007,KODEX K콘텐츠,해외주식,ETF,3,mid
KR0000322400,KR7322400003,HANARO e커머스,해외주식,ETF,3,mid
KR0000494330,KR7494330004,ACE 라이프자산주주가치액티브,해외주식,ETF,3,mid
KR0000480310,KR7480310002,TIGER 글로벌온디바이스AI,해외주식(미국),ETF,3,mid
KR0000465330,KR7465330009,RISE 2차전지TOP10,해외주식,ETF,3,mid
KR0000464470,KR7464470004,PLUS 미국채30년액티브,채권/금리,ETF,1,mid
KR0000138520,KR7138520002,TIGER 삼성그룹펀더멘털,해외주식,ETF,3,mid
KR0000252710,KR7252710009,TIGER 200선물인버스2X,파생(인버스),ETF,4,high
KR0000278620,KR7278620000,PLUS 단기채권액티브,채권/금리,ETF,1,mid
KR0000455960,KR7455960005,RISE 미국달러SOFR금리액티브(합성),채권/금리,ETF,1,mid
KR0000479850,KR7479850000,HANARO K-뷰티,해외주식,ETF,3,mid
KR00000083S0,KR70083S0002,1Q 미국메디컬AI,해외주식(미국),ETF,3,mid
KR0000252400,KR7252400007,RISE 200선물레버리지,파생(인버스),ETF,4,mid
KR0000461460,KR7461460008,PLUS 국고채10년액티브,채권/금리,ETF,1,mid
KR00000113P0,KR70113P0009,HK 머니마켓액티브,채권/금리,ETF,1,mid
KR0000461600,KR7461600009,SOL 미국30년국채액티브(H),채권/금리,ETF,1,mid
KR0000352540,KR7352540009,KODEX 일본부동산리츠(H),단기자금/MMF,ETF,1,mid
KR0000140700,KR7140700006,KODEX 보험,해외주식,ETF,3,mid
KR0000486240,KR7486240005,DAISHIN343 AI반도체&인프라액티브,해외주식,ETF,3,mid
KR00000020H0,KR70020H0001,KoAct 글로벌양자컴퓨팅액티브,해외주식(미국),ETF,3,mid
KR0000410870,KR7410870000,TIMEFOLIO K컬처액티브,해외주식,ETF,3,mid
KR00000093A0,KR70093A0000,RISE AI반도체TOP10,해외주식,ETF,3,mid
KR00000057H0,KR70057H0007,PLUS 미국S&P500미국채혼합50액티브,단기자금/MMF,ETF,1,mid
KR0000496770,KR7496770009,PLUS 글로벌방산,해외주식(미국),ETF,3,mid
KR0000138910,KR7138910005,KODEX 구리선물(H),원자재,ETF,3,high
KR0000298770,KR7298770009,KODEX 한국대만IT프리미어,해외주식(미국),ETF,3,mid
KR0000486830,KR7486830003,HANARO 머니마켓액티브,채권/금리,ETF,1,mid
KR00000041E0,KR70041E0009,KODEX 미국S&P500액티브,해외주식(미국),ETF,3,high
KR0000354500,KR7354500001,ACE 코스닥150,국내주식,ETF,2,mid
KR00000104N0,KR70104N0002,TIGER 200타겟위클리커버드콜,해외주식,ETF,3,low
KR0000475260,KR7475260006,ACE 2월만기자동연장회사채AA-이상액티브,채권/금리,ETF,1,mid
KR0000495060,KR7495060006,TIMEFOLIO 코리아밸류업액티브,국내주식,ETF,2,mid
KR00000065G0,KR70065G0008,KODEX 차이나테크TOP10,해외주식(미국),ETF,3,mid
KR0000495040,KR7495040008,PLUS 코리아밸류업,국내주식,ETF,2,mid
KR00000093D0,KR70093D0007,KoAct 팔란티어밸류체인액티브,단기자금/MMF,ETF,1,mid
KR0000434960,KR7434960001,DAISHIN343 K200,국내주식,ETF,2,mid
KR0000245360,KR7245360003,TIGER 차이나HSCEI,해외주식(미국),ETF,3,mid
KR0000122090,KR7122090004,PLUS 코스피50,국내주식,ETF,2,mid
KR0000461340,KR7461340002,HANARO 글로벌생성형AI액티브,해외주식(미국),ETF,3,mid
KR00000080X0,KR70080X0008,SOL 미국S&P500미국채혼합50,단기자금/MMF,ETF,1,mid
KR0000440910,KR7440910008,WON 미국우주항공방산,해외주식(미국),ETF,3,mid
KR0000256750,KR7256750001,KODEX 차이나심천ChiNext(합성),해외주식(미국),ETF,3,mid
KR0000099140,KR7099140006,KODEX 차이나H,해외주식(미국),ETF,3,mid
KR0000200030,KR7200030005,KODEX 미국S&P500산업재(합성),해외주식(미국),ETF,3,low
KR00000088N0,KR70088N0002,WON K-글로벌수급상위,해외주식,ETF,3,mid
KR00000141T0,KR70141T0001,SOL 중기종합채권(AA-이상)액티브,채권/금리,ETF,1,mid
KR0000448570,KR7448570002,FOCUS AI코리아액티브,국내주식,ETF,2,mid
KR00000142D0,KR70142D0008,TIGER 미국AI데이터센터TOP4Plus,해외주식(미국),ETF,3,mid
KR0000123310,KR7123310005,TIGER 인버스,파생(인버스),ETF,4,high
KR0000440650,KR7440650000,ACE 미국달러단기채권액티브,채권/금리,ETF,1,mid
KR0000101280,KR7101280006,KODEX 일본TOPIX100,해외주식(미국),ETF,3,low
KR00000046Y0,KR70046Y0000,ACE 미국배당퀄리티,해외주식(미국),ETF,3,mid
KR0000475270,KR7475270005,ACE 5월만기자동연장회사채AA-이상액티브,채권/금리,ETF,1,mid
KR0000204450,KR7204450001,KODEX 차이나H레버리지(H),해외주식(미국),ETF,3,high
KR0000306950,KR7306950007,KODEX KRX300레버리지,파생(인버스),ETF,4,high
KR0000122260,KR7122260003,KIWOOM 통안채1년,채권/금리,ETF,1,mid
KR00000000Z0,KR70000Z0003,RISE 바이오TOP10액티브,해외주식,ETF,3,mid
KR0000489290,KR7489290007,WON 미국빌리어네어,해외주식(미국),ETF,3,mid
KR0000114470,KR7114470008,KIWOOM 국고채3년,채권/금리,ETF,1,mid
KR0000336160,KR7336160007,RISE 금융채액티브,채권/금리,ETF,1,mid
KR0000495750,KR7495750002,HANARO 코리아밸류업,국내주식,ETF,2,mid
KR0000414270,KR7414270009,ACE 글로벌자율주행액티브,해외주식(미국),ETF,3,mid
KR0000453650,KR7453650004,KODEX 미국S&P500금융,해외주식(미국),ETF,3,low
KR0000261250,KR7261250005,KODEX 미국달러선물레버리지,단기자금/MMF,ETF,1,high
KR00000021E0,KR70021E0003,ACE TDF2050액티브,단기자금/MMF,ETF,1,mid
KR0000475300,KR7475300000,SOL 반도체전공정,해외주식,ETF,3,mid
KR0000437070,KR7437070006,KODEX 아시아달러채권ESG플러스액티브,채권/금리,ETF,1,high
KR0000266370,KR7266370006,KODEX IT,해외주식,ETF,3,mid
KR0000104530,KR7104530001,KIWOOM 고배당,해외주식,ETF,3,mid
KR00000098Z0,KR70098Z0006,FOCUS 200,국내주식,ETF,2,mid
KR0000292190,KR7292190006,KODEX KRX300,국내주식,ETF,2,mid
KR00000104H0,KR70104H0000,KoAct 미국나스닥채권혼합50액티브,단기자금/MMF,ETF,1,mid
KR0000360140,KR7360140008,KODEX 200롱코스닥150숏선물,해외주식,ETF,3,high
KR0000455660,KR7455660001,ACE 미국하이일드액티브(H),채권/금리,ETF,1,mid
KR0000365040,KR7365040005,TIGER AI코리아그로스액티브,국내주식,ETF,2,high
KR00000144M0,KR70144M0005,KODEX 미국드론UAM TOP10,해외주식(미국),ETF,3,mid
KR0000256440,KR7256440009,ACE MSCI인도네시아(합성),해외주식(미국),ETF,3,mid
KR0000457990,KR7457990000,PLUS 태양광&ESS,해외주식,ETF,3,mid
KR0000195930,KR7195930003,TIGER 유로스탁스50(합성 H),해외주식(미국),ETF,3,mid
KR0000463300,KR7463300004,RISE 중국본토CSI300,해외주식(미국),ETF,3,mid
KR00000047R0,KR70047R0008,RISE 팔란티어고정테크100,해외주식(미국),ETF,3,mid
KR00000111J0,KR70111J0009,HANARO 증권고배당TOP3플러스,해외주식,ETF,3,mid
KR00000005D0,KR70005D0004,SOL 전고체배터리&실리콘음극재,해외주식,ETF,3,mid
KR0000227540,KR7227540002,TIGER 200 헬스케어,해외주식,ETF,3,low
KR0000375770,KR7375770005,KODEX 탄소효율그린뉴딜,해외주식,ETF,3,mid
KR0000298340,KR7298340001,PLUS 국채선물3년,채권/금리,ETF,1,mid
KR0000368190,KR7368190005,HANARO Fn K-뉴딜디지털플러스,해외주식,ETF,3,mid
KR00000132K0,KR70132K0001,PLUS 테슬라위클리커버드콜채권혼합,단기자금/MMF,ETF,1,mid
KR00000013R0,KR70013R0008,RISE 테슬라미국채타겟커버드콜혼합(합성),단기자금/MMF,ETF,1,mid
KR0000419430,KR7419430004,KODEX 차이나2차전지MSCI(합성),해외주식(미국),ETF,3,mid
KR0000477730,KR7477730006,KODEX 인도타타그룹,해외주식(미국),ETF,3,mid
KR0000479620,KR7479620007,SOL 미국AI반도체칩메이커,해외주식(미국),ETF,3,mid
KR0000139320,KR7139320006,TIGER 금은선물(H),원자재,ETF,3,high
KR0000428510,KR7428510002,KODEX 차이나AI테크액티브,해외주식(미국),ETF,3,high
KR0000487750,KR7487750002,BNK 온디바이스AI,해외주식,ETF,3,mid
KR0000276970,KR7276970001,KODEX 미국S&P500배당귀족커버드콜(합성 H),해외주식(미국),ETF,3,low
KR0000300950,KR7300950003,KODEX 게임산업,해외주식,ETF,3,mid
KR0000363510,KR7363510009,SOL KIS단기통안채,채권/금리,ETF,1,mid
KR0000438320,KR7438320004,TIGER 차이나항셍테크레버리지(합성 H),해외주식(미국),ETF,3,high
KR0000491220,KR7491220000,PLUS 200TR,국내주식,ETF,2,mid
KR0000487130,KR7487130007,KoAct AI인프라액티브,해외주식,ETF,3,mid
KR0000418670,KR7418670006,TIGER 글로벌AI사이버보안,해외주식(미국),ETF,3,mid
KR0000332610,KR7332610005,PLUS 미국단기회사채(AAA~A),채권/금리,ETF,1,mid
KR00000137V0,KR70137V0003,KIWOOM 미국S&P500모멘텀,해외주식(미국),ETF,3,mid
KR0000117700,KR7117700005,KODEX 건설,해외주식,ETF,3,mid
KR0000388280,KR7388280000,RISE K엔터&여행레저,해외주식,ETF,3,mid
KR0000471460,KR7471460006,KIWOOM 국고채30년액티브,채권/금리,ETF,1,mid
KR0000433880,KR7433880002,PLUS TDF2060액티브,단기자금/MMF,ETF,1,mid
KR0000468630,KR7468630009,KODEX iShares미국투자등급회사채액티브,채권/금리,ETF,1,high
KR0000473490,KR7473490001,KIWOOM 글로벌AI반도체,해외주식(미국),ETF,3,mid
KR0000495940,KR7495940009,RISE 미국AI테크액티브,해외주식(미국),ETF,3,mid
KR0000449780,KR7449780006,KIWOOM 미국S&P500(H),해외주식(미국),ETF,3,mid
KR0000332620,KR7332620004,PLUS 미국장기우량회사채,채권/금리,ETF,1,mid
KR0000276990,KR7276990009,KODEX 글로벌로봇(합성),해외주식(미국),ETF,3,mid
KR0000280930,KR7280930009,KODEX 미국러셀2000(H),해외주식(미국),ETF,3,low
KR0000196030,KR7196030001,ACE 일본TOPIX레버리지(H),해외주식(미국),ETF,3,mid
KR0000429760,KR7429760002,PLUS 미국S&P500,해외주식(미국),ETF,3,mid
KR0000471780,KR7471780007,TIGER 코리아테크액티브,해외주식,ETF,3,high
KR0000287180,KR7287180004,PLUS 미국나스닥테크,해외주식(미국),ETF,3,mid
KR00000103T0,KR70103T0007,1Q K소버린AI,해외주식,ETF,3,mid
KR00000085N0,KR70085N0005,ACE 미국10년국채액티브(H),채권/금리,ETF,1,mid
KR0000385590,KR7385590005,ACE ESG액티브,해외주식,ETF,3,mid
KR0000475380,KR7475380002,RISE 글로벌리얼티인컴,단기자금/MMF,ETF,1,mid
KR00000104P0,KR70104P0000,TIGER 코리아배당다우존스위클리커버드콜,해외주식,ETF,3,mid
KR0000139270,KR7139270003,TIGER 200 금융,해외주식,ETF,3,low
KR00000023B0,KR70023B0004,PLUS 미국양자컴퓨팅TOP10,해외주식(미국),ETF,3,mid
KR0000491090,KR7491090007,KODEX 미국테크TOP3플러스,해외주식(미국),ETF,3,mid
KR0000494840,KR7494840002,TIGER 미국방산TOP10,해외주식(미국),ETF,3,mid
KR0000494410,KR7494410004,PLUS 미국S&P500성장주,해외주식(미국),ETF,3,mid
KR0000432600,KR7432600005,RISE 국채선물3년,채권/금리,ETF,1,mid
KR0000498860,KR7498860006,RISE 코리아금융고배당,해외주식,ETF,3,mid
KR0000248270,KR7248270001,TIGER S&P글로벌헬스케어(합성),해외주식(미국),ETF,3,low
KR0000337140,KR7337140008,KODEX 코스피대형주,해외주식,ETF,3,low
KR0000300640,KR7300640000,RISE 게임테마,해외주식,ETF,3,mid
KR00000112X0,KR70112X0000,마이티 200TR,국내주식,ETF,2,mid
KR0000481340,KR7481340008,RISE 미국30년국채액티브,채권/금리,ETF,1,mid
KR0000167860,KR7167860006,KIWOOM 국고채10년레버리지,채권/금리,ETF,1,mid
KR0000450910,KR7450910005,SOL 코스닥150,국내주식,ETF,2,mid
KR0000245350,KR7245350004,TIGER 유로스탁스배당30,해외주식(미국),ETF,3,mid
KR0000459560,KR7459560009,KODEX 테슬라밸류체인FactSet,해외주식(미국),ETF,3,mid
KR0000238720,KR7238720007,ACE 일본Nikkei225(H),해외주식(미국),ETF,3,mid
KR0000276650,KR7276650009,RISE 글로벌테크놀로지(합성 H),해외주식(미국),ETF,3,mid
KR0000476850,KR7476850003,KoAct 배당성장액티브,국내주식,ETF,2,mid
KR0000491830,KR7491830006,TIGER 미국AI반도체팹리스,해외주식(미국),ETF,3,mid
KR0000140950,KR7140950007,파워 코스피100,국내주식,ETF,2,mid
KR0000261120,KR7261120000,TIGER 미국달러선물인버스2X,단기자금/MMF,ETF,1,high
KR00000040S0,KR70040S0004,HANARO 글로벌피지컬AI액티브,해외주식(미국),ETF,3,mid
KR0000352560,KR7352560007,KODEX 미국부동산리츠(H),단기자금/MMF,ETF,1,mid
KR0000261140,KR7261140008,TIGER 우선주,해외주식,ETF,3,mid
KR0000225130,KR7225130004,ACE 골드선물 레버리지(합성 H),해외주식(미국),ETF,3,mid
KR0000493420,KR7493420004,SOL 미국배당다우존스2호,해외주식(미국),ETF,3,mid
KR0000475070,KR7475070009,KoAct 글로벌친환경전력인프라액티브,해외주식(미국),ETF,3,mid
KR0000438560,KR7438560005,SOL 국고채3년,채권/금리,ETF,1,mid
KR0000152500,KR7152500005,ACE 레버리지,파생(인버스),ETF,4,mid
KR0000437350,KR7437350002,RISE 미국단기투자등급회사채액티브,채권/금리,ETF,1,mid
KR0000117460,KR7117460006,KODEX 에너지화학,해외주식,ETF,3,mid
KR0000459750,KR7459750006,RISE 글로벌주식분산액티브,해외주식(미국),ETF,3,mid
KR0000442260,KR7442260006,마이티 다이나믹퀀트액티브,국내주식,ETF,2,mid
KR0000139220,KR7139220008,TIGER 200 건설,해외주식,ETF,3,low
KR00000107F0,KR70107F0009,KIWOOM 미국고배당&AI테크,해외주식(미국),ETF,3,mid
KR0000277640,KR7277640009,TIGER 코스피대형주,해외주식,ETF,3,low
KR0000236350,KR7236350005,TIGER 인도니프티50레버리지(합성),해외주식(미국),ETF,3,high
KR0000147970,KR7147970008,TIGER 모멘텀,해외주식,ETF,3,mid
KR0000138230,KR7138230008,KIWOOM 미국달러선물,단기자금/MMF,ETF,1,mid
KR0000453950,KR7453950008,TIGER TSMC파운드리밸류체인,해외주식(미국),ETF,3,mid
KR0000475310,KR7475310009,SOL 반도체후공정,해외주식,ETF,3,mid
KR0000453010,KR7453010001,PLUS KOFR금리,단기자금/MMF,ETF,1,mid
KR00000067Y0,KR70067Y0004,TIGER 차이나AI소프트웨어,해외주식(미국),ETF,3,mid
KR0000253150,KR7253150007,PLUS 200선물레버리지,파생(인버스),ETF,4,mid
KR00000139P0,KR70139P0009,ACE 고배당주,해외주식,ETF,3,mid
KR0000415760,KR7415760008,SOL 차이나육성산업액티브(합성),해외주식(미국),ETF,3,mid
KR0000371450,KR7371450008,TIGER 글로벌클라우드컴퓨팅INDXX,해외주식(미국),ETF,3,mid
KR0000253250,KR7253250005,KIWOOM 200선물레버리지,파생(인버스),ETF,4,mid
KR0000469060,KR7469060008,RISE 미국반도체NYSE,해외주식(미국),ETF,3,mid
KR0000326230,KR7326230000,RISE 내수주플러스,해외주식,ETF,3,mid
KR0000459790,KR7459790002,KIWOOM 미국성장기업30액티브,해외주식(미국),ETF,3,mid
KR0000218420,KR7218420008,KODEX 미국S&P500에너지(합성),해외주식(미국),ETF,3,low
KR0000415340,KR7415340009,KODEX 차이나과창판STAR50(합성),해외주식(미국),ETF,3,mid
KR00000097L0,KR70097L0003,KIWOOM 한국고배당&미국AI테크,단기자금/MMF,ETF,1,mid
KR0000289480,KR7289480006,TIGER 200커버드콜,파생(인버스),ETF,4,low
KR0000275300,KR7275300002,KODEX 우량주,해외주식,ETF,3,mid
KR0000448490,KR7448490003,HANARO 32-10 국고채액티브,채권/금리,ETF,1,mid
KR0000387270,KR7387270002,TIGER 글로벌이노베이션액티브,해외주식(미국),ETF,3,high
KR0000483240,KR7483240008,TIGER 미국나스닥100ETF선물,해외주식(미국),ETF,3,high
KR0000469050,KR7469050009,RISE 미국반도체NYSE(H),해외주식(미국),ETF,3,mid
KR00000138T0,KR70138T0006,RISE 미국S&P500데일리고정커버드콜,해외주식(미국),ETF,3,mid
KR0000483570,KR7483570008,KCGI 미국S&P500 TOP10,해외주식(미국),ETF,3,mid
KR0000272570,KR7272570003,RISE 중장기국공채액티브,채권/금리,ETF,1,mid
KR0000271060,KR7271060006,KODEX 3대농산물선물(H),원자재,ETF,3,high
KR00000005G0,KR70005G0001,ITF K-AI반도체코어테크,해외주식,ETF,3,mid
KR0000169950,KR7169950003,KODEX 차이나A50,해외주식(미국),ETF,3,mid
KR0000322410,KR7322410002,HANARO K고배당,해외주식,ETF,3,mid
KR0000400570,KR7400570008,KODEX 유럽탄소배출권선물ICE(H),해외주식(미국),ETF,3,high
KR0000445690,KR7445690001,BNK 주주가치액티브,해외주식,ETF,3,mid
KR0000139250,KR7139250005,TIGER 200 에너지화학,해외주식,ETF,3,low
KR0000457690,KR7457690006,KODEX 33-06 국고채액티브,채권/금리,ETF,1,high
KR0000449690,KR7449690007,TIGER 한중반도체(합성),해외주식(미국),ETF,3,mid
KR0000176950,KR7176950004,KODEX 국채선물10년인버스,채권/금리,ETF,1,high
KR00000051A0,KR70051A0000,KoAct 브로드컴밸류체인액티브,해외주식(미국),ETF,3,mid
KR00000104G0,KR70104G0001,PLUS K방산레버리지,해외주식,ETF,3,mid
KR00000015F0,KR70015F0000,KIWOOM 팔란티어미국30년국채혼합액티브(H),단기자금/MMF,ETF,1,mid
KR0000130680,KR7130680002,TIGER 원유선물Enhanced(H),원자재,ETF,3,high
KR0000195970,KR7195970009,PLUS 선진국MSCI(합성 H),해외주식(미국),ETF,3,mid
KR0000453820,KR7453820003,KODEX 인도Nifty50레버리지(합성),해외주식(미국),ETF,3,high
KR0000100910,KR7100910009,KIWOOM KRX100,국내주식,ETF,2,mid
KR0000156080,KR7156080004,KODEX MSCI Korea,국내주식,ETF,2,mid
KR0000117680,KR7117680009,KODEX 철강,해외주식,ETF,3,mid
KR0000385520,KR7385520002,KODEX 자율주행액티브,해외주식,ETF,3,high
KR0000269420,KR7269420006,KODEX S&P글로벌인프라(합성),해외주식(미국),ETF,3,low
KR00000089B0,KR70089B0005,PLUS 미국나스닥100미국채혼합50,단기자금/MMF,ETF,1,mid
KR00000084E0,KR70084E0007,KIWOOM 미국대형주500월간목표헤지액티브,단기자금/MMF,ETF,1,mid
KR00000028X0,KR70028X0003,KODEX 미국금융테크액티브,해외주식(미국),ETF,3,high
KR0000489000,KR7489000000,PLUS 일본엔화초단기국채(합성),채권/금리,ETF,1,mid
KR0000305050,KR7305050007,ACE 코스피,국내주식,ETF,2,mid
KR00000094X0,KR70094X0002,1Q 샤오미밸류체인액티브,해외주식(미국),ETF,3,mid
KR0000282000,KR7282000009,RISE 국고채3년선물인버스,파생(인버스),ETF,4,mid
KR0000371150,KR7371150004,RISE 차이나항셍테크,해외주식(미국),ETF,3,mid
KR00000138Y0,KR70138Y0009,PLUS 금채권혼합,단기자금/MMF,ETF,1,mid
KR0000105780,KR7105780001,RISE 5대그룹주,해외주식,ETF,3,mid
KR00000036D0,KR70036D0007,TIMEFOLIO 미국배당다우존스액티브,해외주식(미국),ETF,3,mid
KR0000497780,KR7497780007,KoAct 미국천연가스인프라액티브,해외주식(미국),ETF,3,mid
KR0000185680,KR7185680006,KODEX 미국S&P바이오(합성),해외주식(미국),ETF,3,low
KR0000102960,KR7102960002,KODEX 기계장비,해외주식,ETF,3,mid
KR0000396510,KR7396510000,TIGER 차이나클린에너지SOLACTIVE,해외주식(미국),ETF,3,high
KR00000000H0,KR70000H0005,KODEX 인도Nifty미드캡100,해외주식,ETF,3,low
KR00000137W0,KR70137W0002,KIWOOM 미국S&P500&GOLD,해외주식(미국),ETF,3,mid
KR0000250730,KR7250730009,RISE 차이나HSCEI(H),해외주식(미국),ETF,3,mid
KR0000277540,KR7277540001,ACE 아시아TOP50,해외주식(미국),ETF,3,mid
KR00000047P0,KR70047P0000,RISE 테슬라고정테크100,해외주식(미국),ETF,3,mid
KR0000419650,KR7419650007,PLUS 글로벌수소&차세대연료전지,해외주식(미국),ETF,3,mid
KR0000417450,KR7417450004,RISE 글로벌수소경제,해외주식(미국),ETF,3,mid
KR0000474920,KR7474920006,에셋플러스 차이나일등기업포커스10액티브,해외주식(미국),ETF,3,mid
KR0000153270,KR7153270004,KIWOOM 코스피100,국내주식,ETF,2,mid
KR0000483420,KR7483420006,ACE 애플밸류체인액티브,해외주식(미국),ETF,3,mid
KR00000010E0,KR70010E0006,ACE FTSE WGBI Korea,채권/금리,ETF,1,mid
KR0000223190,KR7223190000,KODEX 200가치저변동,해외주식,ETF,3,low
KR0000450190,KR7450190004,KODEX 한중반도체(합성),해외주식(미국),ETF,3,mid
KR0000409810,KR7409810009,KODEX 미국나스닥100선물인버스(H),해외주식(미국),ETF,3,high
KR0000461910,KR7461910002,PLUS 미국테크TOP10레버리지(합성),해외주식(미국),ETF,3,mid
KR0000275280,KR7275280006,KODEX 모멘텀주,해외주식,ETF,3,mid
KR0000183700,KR7183700004,RISE 채권혼합,단기자금/MMF,ETF,1,mid
KR0000442090,KR7442090007,에셋플러스 코리아대장장이액티브,해외주식,ETF,3,mid
KR0000438900,KR7438900003,HANARO Fn K-푸드,해외주식,ETF,3,mid
KR0000472840,KR7472840008,ITF 200,국내주식,ETF,2,mid
KR0000114460,KR7114460009,ACE 국고채3년,채권/금리,ETF,1,mid
KR0000442560,KR7442560009,RISE TDF2040액티브,단기자금/MMF,ETF,1,mid
KR00000105D0,KR70105D0003,SOL 한국AI소프트웨어,해외주식,ETF,3,mid
KR0000449580,KR7449580000,RISE 테슬라애플아마존채권혼합,단기자금/MMF,ETF,1,mid
KR0000385600,KR7385600002,ACE 2차전지&친환경차액티브,해외주식,ETF,3,mid
KR0000461900,KR7461900003,PLUS 미국테크TOP10,해외주식(미국),ETF,3,mid
KR0000304770,KR7304770001,HANARO 코스닥150,국내주식,ETF,2,mid
KR0000494420,KR7494420003,PLUS 미국배당증가성장주데일리커버드콜,해외주식,ETF,3,mid
KR0000468370,KR7468370002,KODEX iShares미국인플레이션국채액티브,채권/금리,ETF,1,high
KR0000145850,KR7145850004,TREX 펀더멘탈 200,해외주식,ETF,3,mid
KR0000447660,KR7447660002,PLUS 애플채권혼합,단기자금/MMF,ETF,1,mid
KR0000275290,KR7275290005,KODEX 가치주,해외주식,ETF,3,mid
KR0000498050,KR7498050004,HANARO 바이오코리아액티브,해외주식,ETF,3,mid
KR00000094M0,KR70094M0005,RISE 코리아밸류업위클리고정커버드콜,해외주식,ETF,3,mid
KR0000417630,KR7417630001,TIGER KEDI혁신기업ESG30,해외주식,ETF,3,mid
KR0000411860,KR7411860000,KIWOOM 독일DAX,해외주식(미국),ETF,3,mid
KR0000354350,KR7354350001,HANARO 글로벌럭셔리S&P(합성),해외주식(미국),ETF,3,mid
KR0000241390,KR7241390004,RISE V&S셀렉트밸류채권혼합,단기자금/MMF,ETF,1,mid
KR0000213630,KR7213630007,PLUS 미국다우존스고배당주(합성 H),해외주식(미국),ETF,3,mid
KR00000113G0,KR70113G0000,KoAct 미국바이오헬스케어액티브,해외주식(미국),ETF,3,mid
KR0000239660,KR7239660004,PLUS 우량회사채50,채권/금리,ETF,1,mid
KR0000496120,KR7496120007,ACE 코리아밸류업,국내주식,ETF,2,mid
KR0000407820,KR7407820000,에셋플러스 코리아플랫폼액티브,해외주식,ETF,3,mid
KR0000440340,KR7440340008,TIGER 글로벌멀티에셋TIF액티브,단기자금/MMF,ETF,1,high
KR0000371870,KR7371870007,ACE 차이나항셍테크,해외주식(미국),ETF,3,mid
KR0000391670,KR7391670007,HK 베스트일레븐액티브,국내주식,ETF,2,mid
KR0000491510,KR7491510004,파워 K-주주가치액티브,해외주식,ETF,3,mid
KR00000018Z0,KR70018Z0003,RISE 미국양자컴퓨팅,해외주식(미국),ETF,3,mid
KR0000280320,KR7280320003,ACE 미국IT인터넷(합성 H),해외주식(미국),ETF,3,mid
KR0000300610,KR7300610003,TIGER K게임,해외주식,ETF,3,mid
KR0000433220,KR7433220001,에셋플러스 글로벌대장장이액티브,해외주식(미국),ETF,3,mid
KR00000013P0,KR70013P0000,RISE 미국은행TOP10,해외주식(미국),ETF,3,mid
KR0000460660,KR7460660004,RISE 미국S&P배당킹,해외주식(미국),ETF,3,mid
KR0000387280,KR7387280001,TIGER 퓨처모빌리티액티브,해외주식,ETF,3,high
KR0000416090,KR7416090009,ACE 중국과창판STAR50,해외주식(미국),ETF,3,mid
KR00000141S0,KR70141S0002,SOL 조선기자재,해외주식,ETF,3,mid
KR0000291130,KR7291130003,ACE MSCI멕시코(합성),해외주식(미국),ETF,3,mid
KR0000457700,KR7457700003,KODEX 53-09 국고채액티브,채권/금리,ETF,1,high
KR0000446690,KR7446690000,KODEX 아시아AI반도체exChina액티브,해외주식(미국),ETF,3,high
KR0000250780,KR7250780004,TIGER 코스닥150선물인버스,파생(인버스),ETF,4,high
KR0000494180,KR7494180003,TIMEFOLIO 글로벌소비트렌드액티브,해외주식(미국),ETF,3,mid
KR0000226980,KR7226980001,KODEX 200 중소형,국내주식,ETF,2,low
KR00000049K0,KR70049K0003,ACE 미국배당퀄리티채권혼합50,단기자금/MMF,ETF,1,mid
KR0000469790,KR7469790000,KIWOOM K-테크TOP10,해외주식,ETF,3,mid
KR0000265690,KR7265690008,ACE 러시아MSCI(합성),해외주식(미국),ETF,3,mid
KR0000253290,KR7253290001,RISE 헬스케어채권혼합,단기자금/MMF,ETF,1,mid
KR0000376410,KR7376410007,TIGER 탄소효율그린뉴딜,해외주식,ETF,3,mid
KR0000292500,KR7292500006,SOL KRX300,국내주식,ETF,2,mid
KR0000483330,KR7483330007,ACE 마이크로소프트밸류체인액티브,해외주식(미국),ETF,3,mid
KR0000284980,KR7284980000,RISE 200금융,해외주식,ETF,3,mid
KR0000292160,KR7292160009,TIGER KRX300,국내주식,ETF,2,mid
KR0000464610,KR7464610005,SOL 의료기기소부장Fn,해외주식,ETF,3,mid
KR0000477490,KR7477490007,에셋플러스 글로벌일등기업포커스10액티브,해외주식(미국),ETF,3,mid
KR0000091220,KR7091220004,TIGER 은행,해외주식,ETF,3,mid
KR0000461450,KR7461450009,KODEX 코스닥글로벌,국내주식,ETF,2,low
KR0000316670,KR7316670009,KIWOOM 코스닥150,국내주식,ETF,2,mid
KR00000086C0,KR70086C0007,TIGER 리츠부동산인프라10채권혼합액티브,단기자금/MMF,ETF,1,high
KR0000381560,KR7381560002,HANARO Fn전기&수소차,해외주식,ETF,3,mid
KR0000290080,KR7290080001,RISE 200고배당커버드콜ATM,파생(인버스),ETF,4,mid
KR0000219390,KR7219390002,RISE 미국S&P원유생산기업(합성 H),해외주식(미국),ETF,3,mid
KR0000465660,KR7465660009,TIGER 일본반도체FACTSET,해외주식(미국),ETF,3,mid
KR00000087F0,KR70087F0003,ACE 차이나AI빅테크TOP2+액티브,해외주식(미국),ETF,3,mid
KR00000021D0,KR70021D0004,ACE TDF2030액티브,단기자금/MMF,ETF,1,mid
KR0000404260,KR7404260002,KODEX 기후변화솔루션,해외주식,ETF,3,mid
KR0000276000,KR7276000007,TIGER 글로벌자원생산기업(합성 H),해외주식(미국),ETF,3,mid
KR0000195920,KR7195920004,TIGER 일본TOPIX(합성 H),해외주식(미국),ETF,3,mid
KR0000432840,KR7432840007,HANARO 미국S&P500,해외주식(미국),ETF,3,mid
KR0000364690,KR7364690008,KODEX 혁신기술테마액티브,국내주식,ETF,2,high
KR0000159800,KR7159800002,마이티 코스피100,국내주식,ETF,2,mid
KR0000428560,KR7428560007,KODEX 미국ETF산업Top10 Indxx,해외주식(미국),ETF,3,mid
KR00000094L0,KR70094L0006,RISE 차이나테크TOP10위클리타겟커버드콜,해외주식(미국),ETF,3,mid
KR0000446700,KR7446700007,RISE 배터리 리사이클링,해외주식,ETF,3,mid
KR0000419420,KR7419420005,KODEX 미국클린에너지나스닥,해외주식(미국),ETF,3,low
KR0000451600,KR7451600001,PLUS 국고채30년액티브,채권/금리,ETF,1,mid
KR0000337150,KR7337150007,KODEX 200exTOP,해외주식,ETF,3,low
KR00000115C0,KR70115C0002,RISE 미국고배당다우존스TOP10,해외주식(미국),ETF,3,mid
KR0000354240,KR7354240004,RISE 미국고정배당우선증권,단기자금/MMF,ETF,1,mid
KR0000422260,KR7422260000,VITA MZ소비액티브,해외주식,ETF,3,mid
KR0000375760,KR7375760006,HANARO 탄소효율그린뉴딜,해외주식,ETF,3,mid
KR0000289040,KR7289040008,KODEX MSCI KOREA ESG유니버설,해외주식,ETF,3,mid
KR0000131890,KR7131890006,ACE 삼성그룹동일가중,해외주식,ETF,3,mid
KR0000485810,KR7485810006,TIMEFOLIO 글로벌바이오액티브,해외주식(미국),ETF,3,mid
KR0000138530,KR7138530001,TIGER LG그룹+펀더멘털,해외주식,ETF,3,mid
KR0000456250,KR7456250000,KODEX 유럽명품TOP10 STOXX,해외주식(미국),ETF,3,mid
KR00000001P0,KR70001P0004,마이티 바이오시밀러&CDMO액티브,해외주식,ETF,3,mid
KR00000093B0,KR70093B0009,RISE 엔비디아고정테크100,해외주식(미국),ETF,3,mid
KR00000008E0,KR70008E0000,ACE 미국중심중소형제조업,해외주식(미국),ETF,3,mid
KR0000453630,KR7453630006,KODEX 미국S&P500필수소비재,해외주식(미국),ETF,3,low
KR0000289260,KR7289260002,TIGER MSCI KOREA ESG리더스,해외주식,ETF,3,mid
KR0000337120,KR7337120000,KODEX 멀티팩터,해외주식,ETF,3,mid
KR0000225060,KR7225060003,TIGER 이머징마켓MSCI레버리지(합성 H),해외주식(미국),ETF,3,high
KR00000047N0,KR70047N0002,PLUS 차이나AI테크TOP10,해외주식(미국),ETF,3,mid
KR0000310080,KR7310080007,RISE 중국MSCI China(H),해외주식(미국),ETF,3,mid
KR0000463640,KR7463640003,KODEX 미국S&P500유틸리티,해외주식(미국),ETF,3,low
KR0000104520,KR7104520002,KIWOOM 블루칩,해외주식,ETF,3,mid
KR0000108590,KR7108590001,TREX 200,국내주식,ETF,2,mid
KR0000117690,KR7117690008,TIGER 차이나항셍30,해외주식(미국),ETF,3,mid
KR00000090B0,KR70090B0002,PLUS K방산소부장,해외주식,ETF,3,mid
KR0000289250,KR7289250003,TIGER MSCI KOREA ESG유니버설,해외주식,ETF,3,mid
KR0000453660,KR7453660003,KODEX 미국S&P500경기소비재,해외주식(미국),ETF,3,low
KR0000464920,KR7464920008,PLUS 일본반도체소부장,해외주식(미국),ETF,3,mid
KR00000127V0,KR70127V0005,KIWOOM 미국S&P500 TOP10&배당다우비중전환,해외주식(미국),ETF,3,mid
KR0000271050,KR7271050007,KODEX WTI원유선물인버스(H),원자재,ETF,3,high
KR0000183710,KR7183710003,RISE 주식혼합,단기자금/MMF,ETF,1,mid
KR0000435040,KR7435040001,ACE 글로벌브랜드TOP10,해외주식(미국),ETF,3,mid
KR0000140710,KR7140710005,KODEX 운송,해외주식,ETF,3,mid
KR0000137610,KR7137610002,TIGER 농산물선물Enhanced(H),원자재,ETF,3,high
KR0000192720,KR7192720001,파워 고배당저변동성,해외주식,ETF,3,mid
KR0000266410,KR7266410000,KODEX 필수소비재,해외주식,ETF,3,mid
KR00000021C0,KR70021C0005,ACE 장기자산배분액티브,단기자금/MMF,ETF,1,mid
KR0000229720,KR7229720008,KODEX KTOP30,국내주식,ETF,2,mid
KR0000465670,KR7465670008,TIGER 미국캐시카우100,해외주식(미국),ETF,3,low
KR0000360150,KR7360150007,KODEX 코스닥150롱코스피200숏선물,해외주식,ETF,3,high
KR0000487950,KR7487950008,KODEX 대만테크고배당다우존스,해외주식(미국),ETF,3,mid
KR0000367740,KR7367740008,HANARO Fn5G산업,해외주식,ETF,3,mid
KR00000127T0,KR70127T0009,KIWOOM 미국S&P500&배당다우존스비중전환,해외주식(미국),ETF,3,mid
KR0000451150,KR7451150007,에셋플러스 글로벌영에이지액티브,해외주식(미국),ETF,3,mid
KR0000304760,KR7304760002,HANARO KRX300,국내주식,ETF,2,mid
KR0000261110,KR7261110001,TIGER 미국달러선물레버리지,단기자금/MMF,ETF,1,high
KR0000269370,KR7269370003,TIGER S&P글로벌인프라(합성),해외주식(미국),ETF,3,low
KR0000453060,KR7453060006,HANARO KOFR금리액티브(합성),채권/금리,ETF,1,mid
KR0000411540,KR7411540008,SOL 200 Top10,국내주식,ETF,2,mid
KR0000445910,KR7445910003,TIGER MKF배당귀족,해외주식,ETF,3,mid
KR0000457930,KR7457930006,BNK 미래전략기술액티브,해외주식,ETF,3,mid
KR0000292770,KR7292770005,KODEX 국채선물3년인버스,채권/금리,ETF,1,high
KR0000227830,KR7227830007,PLUS 코스피,국내주식,ETF,2,mid
KR0000464600,KR7464600006,SOL 자동차소부장Fn,해외주식,ETF,3,mid
KR0000452440,KR7452440001,VITA 밸류알파액티브,해외주식,ETF,3,mid
KR0000463690,KR7463690008,KODEX 미국S&P500커뮤니케이션,해외주식(미국),ETF,3,low
KR0000413930,KR7413930009,WON AI ESG액티브,해외주식,ETF,3,mid
KR0000395150,KR7395150006,KODEX 웹툰&드라마,해외주식,ETF,3,mid
KR0000487910,KR7487910002,ACE 인도컨슈머파워액티브,해외주식(미국),ETF,3,mid
KR0000430500,KR7430500009,KIWOOM 물가채KIS,단기자금/MMF,ETF,1,mid
KR0000474800,KR7474800000,KIWOOM 미국원유에너지기업,해외주식(미국),ETF,3,mid
KR0000140580,KR7140580002,RISE 우량업종대표주,해외주식,ETF,3,mid
KR00000002C0,KR70002C0008,에셋플러스 인도일등기업포커스20액티브,해외주식(미국),ETF,3,mid
KR0000442550,KR7442550000,RISE TDF2030액티브,단기자금/MMF,ETF,1,mid
KR0000472720,KR7472720002,TRUSTON 주주가치액티브,국내주식,ETF,2,mid
KR0000379790,KR7379790009,RISE 유로스탁스50(H),해외주식(미국),ETF,3,mid
KR0000395280,KR7395280001,HANARO Fn K-게임,해외주식,ETF,3,mid
KR0000292050,KR7292050002,RISE KRX300,국내주식,ETF,2,mid
KR0000494340,KR7494340003,ACE 글로벌AI맞춤형반도체,해외주식(미국),ETF,3,mid
KR00000127R0,KR70127R0001,RISE 미국AI클라우드인프라,해외주식(미국),ETF,3,mid
KR0000476260,KR7476260005,HANARO 반도체핵심공정주도주,해외주식,ETF,3,mid
KR0000234310,KR7234310001,RISE V&S셀렉트밸류,해외주식,ETF,3,mid
KR0000484890,KR7484890009,SOL 머니마켓액티브,채권/금리,ETF,1,mid
KR0000253280,KR7253280002,RISE 헬스케어,해외주식,ETF,3,mid
KR00000082F0,KR70082F0008,HANARO 유럽방산,해외주식(미국),ETF,3,mid
KR00000102X0,KR70102X0002,ACE 유럽방산TOP10,해외주식(미국),ETF,3,mid
KR0000496130,KR7496130006,TRUSTON 코리아밸류업액티브,국내주식,ETF,2,mid
KR0000230480,KR7230480006,KIWOOM 미국달러선물인버스2X,단기자금/MMF,ETF,1,mid
KR00000036Z0,KR70036Z0001,RISE 미국천연가스밸류체인,해외주식(미국),ETF,3,mid
KR0000460270,KR7460270002,KIWOOM 미국달러SOFR금리액티브(합성),채권/금리,ETF,1,mid
KR0000390400,KR7390400000,KODEX 미국스마트모빌리티S&P,해외주식(미국),ETF,3,low
KR0000295000,KR7295000004,RISE 국채선물10년,채권/금리,ETF,1,mid
KR0000395760,KR7395760002,PLUS ESG성장주액티브,해외주식,ETF,3,mid
KR0000225800,KR7225800002,KIWOOM 미국달러선물레버리지,단기자금/MMF,ETF,1,mid
KR0000480460,KR7480460005,WON 한국부동산TOP3플러스,단기자금/MMF,ETF,1,mid
KR0000466810,KR7466810009,BNK 2차전지양극재,해외주식,ETF,3,mid
KR0000451670,KR7451670004,RISE 국채30년레버리지(합성),채권/금리,ETF,1,mid
KR0000215620,KR7215620006,HK S&P코리아로우볼,해외주식,ETF,3,mid
KR0000251590,KR7251590006,PLUS 고배당저변동50,해외주식,ETF,3,mid
KR0000391600,KR7391600004,ACE 미국친환경그린테마,해외주식(미국),ETF,3,mid
KR0000281990,KR7281990002,RISE 중소형고배당,해외주식,ETF,3,mid
KR0000429740,KR7429740004,PLUS K리츠,단기자금/MMF,ETF,1,mid
KR0000269530,KR7269530002,PLUS S&P글로벌인프라,해외주식(미국),ETF,3,mid
KR0000404650,KR7404650004,SOL KRX기후변화솔루션,해외주식,ETF,3,mid
KR0000487920,KR7487920001,ACE 인도시장대표BIG5그룹액티브,해외주식(미국),ETF,3,mid
KR0000280920,KR7280920000,PLUS 주도업종,해외주식,ETF,3,mid
KR0000373490,KR7373490002,KODEX 코리아혁신성장액티브,해외주식,ETF,3,high
KR00000078V0,KR70078V0004,PLUS 미국로보택시,해외주식(미국),ETF,3,mid
KR0000341850,KR7341850006,TIGER 리츠부동산인프라채권,단기자금/MMF,ETF,1,mid
KR00000053M0,KR70053M0004,더제이 중소형포커스액티브,해외주식,ETF,3,mid
KR0000449680,KR7449680008,TIGER 한중전기차(합성),단기자금/MMF,ETF,1,mid
KR00000084D0,KR70084D0008,KIWOOM 미국테크100월간목표헤지액티브,단기자금/MMF,ETF,1,mid
KR0000285690,KR7285690004,FOCUS ESG리더스,해외주식,ETF,3,mid
KR0000181480,KR7181480005,ACE 미국부동산리츠(합성 H),단기자금/MMF,ETF,1,mid
KR0000244620,KR7244620001,KODEX 모멘텀Plus,해외주식,ETF,3,mid
KR0000307510,KR7307510008,TIGER 의료기기,해외주식,ETF,3,mid
KR0000497520,KR7497520007,ACE 일라이릴리밸류체인,해외주식(미국),ETF,3,mid
KR0000279540,KR7279540009,KODEX 최소변동성,해외주식,ETF,3,mid
KR00000073X0,KR70073X0007,FOCUS 알리바바미국채커버드콜혼합,원자재,ETF,3,mid
KR0000424460,KR7424460004,HANARO 글로벌워터MSCI(합성),해외주식(미국),ETF,3,mid
KR00000131A0,KR70131A0004,SOL 차이나소비트렌드,해외주식(미국),ETF,3,mid
KR0000399580,KR7399580000,RISE 글로벌클린에너지,해외주식(미국),ETF,3,mid
KR0000404120,KR7404120008,TIMEFOLIO K신재생에너지액티브,해외주식,ETF,3,mid
KR0000375270,KR7375270006,RISE 글로벌데이터센터리츠(합성),단기자금/MMF,ETF,1,mid
KR00000004G0,KR70004G0002,1Q 미국배당TOP30,해외주식(미국),ETF,3,mid
KR0000462340,KR7462340001,에셋플러스 글로벌다이나믹시니어액티브,해외주식(미국),ETF,3,mid
KR00000138D0,KR70138D0004,RISE 동학개미,해외주식,ETF,3,mid
KR00000120J0,KR70120J0008,BNK 카카오그룹포커스,해외주식,ETF,3,mid
KR0000488200,KR7488200007,KIWOOM K-2차전지북미공급망,해외주식,ETF,3,mid
KR0000469160,KR7469160006,ACE 일본반도체,해외주식(미국),ETF,3,mid
KR0000497510,KR7497510008,ACE 글로벌빅파마,해외주식(미국),ETF,3,mid
KR0000166400,KR7166400002,TIGER 200커버드콜OTM,파생(인버스),ETF,4,low
KR0000429010,KR7429010002,TIGER 미국나스닥넥스트100,해외주식(미국),ETF,3,low
KR00000005C0,KR70005C0005,RISE 미국S&P500엔화노출(합성 H),채권/금리,ETF,1,mid
KR0000494210,KR7494210008,SOL 미국500타겟데일리커버드콜액티브,해외주식(미국),ETF,3,mid
KR0000483020,KR7483020004,KIWOOM 의료AI,해외주식,ETF,3,mid
KR0000488290,KR7488290008,마이다스 일본테크액티브,해외주식(미국),ETF,3,mid
KR0000217780,KR7217780006,TIGER 차이나CSI300인버스(합성),해외주식(미국),ETF,3,high
KR0000368680,KR7368680005,KODEX K-뉴딜디지털플러스,해외주식,ETF,3,mid
KR0000490330,KR7490330008,KoAct 미국치매&뇌질환치료제액티브,해외주식(미국),ETF,3,mid
KR0000385710,KR7385710009,TIMEFOLIO K이노베이션액티브,해외주식,ETF,3,mid
KR0000499150,KR7499150001,SOL 미국S&P500엔화노출(H),해외주식(미국),ETF,3,mid
KR00000015E0,KR70015E0001,KIWOOM 엔비디아미국30년국채혼합액티브(H),단기자금/MMF,ETF,1,mid
KR0000435550,KR7435550009,KIWOOM TDF2050액티브,단기자금/MMF,ETF,1,mid
KR0000182490,KR7182490003,TIGER 단기선진하이일드(합성 H),채권/금리,ETF,1,mid
KR0000237440,KR7237440003,TIGER 경기방어채권혼합,단기자금/MMF,ETF,1,mid
KR0000380340,KR7380340000,ACE 코리아AI테크핵심산업,해외주식,ETF,3,mid
KR0000435540,KR7435540000,KIWOOM TDF2040액티브,단기자금/MMF,ETF,1,mid
KR0000228820,KR7228820007,TIGER KTOP30,국내주식,ETF,2,mid
KR0000334690,KR7334690005,RISE 팔라듐선물(H),원자재,ETF,3,mid
KR00000114X0,KR70114X0008,RISE 글로벌게임테크TOP3Plus,해외주식(미국),ETF,3,mid
KR00000132D0,KR70132D0000,KoAct 글로벌K컬처밸류체인액티브,단기자금/MMF,ETF,1,mid
KR0000489010,KR7489010009,PLUS 글로벌AI인프라,해외주식(미국),ETF,3,mid
KR0000488480,KR7488480005,RISE 일본섹터TOP4Plus,해외주식(미국),ETF,3,mid
KR0000400590,KR7400590006,SOL 글로벌탄소배출권선물ICE(합성),해외주식(미국),ETF,3,mid
KR0000252650,KR7252650007,KODEX 200동일가중,국내주식,ETF,2,low
KR0000219900,KR7219900008,ACE 중국본토CSI300레버리지(합성),해외주식(미국),ETF,3,mid
KR0000270800,KR7270800006,RISE KQ고배당,해외주식,ETF,3,mid
KR00000079X0,KR70079X0001,ACE BYD밸류체인액티브,해외주식(미국),ETF,3,mid
KR0000105010,KR7105010003,TIGER 라틴35,해외주식(미국),ETF,3,mid
KR0000429980,KR7429980006,SOL 한국형글로벌전기차&2차전지액티브,단기자금/MMF,ETF,1,mid
KR0000489860,KR7489860007,KIWOOM 글로벌전력GRID인프라,해외주식(미국),ETF,3,mid
KR0000450180,KR7450180005,KODEX 한중전기차(합성),단기자금/MMF,ETF,1,mid
KR0000433250,KR7433250008,UNICORN R&D 액티브,국내주식,ETF,2,mid
KR0000140570,KR7140570003,RISE 수출주,해외주식,ETF,3,mid
KR0000435530,KR7435530001,KIWOOM TDF2030액티브,단기자금/MMF,ETF,1,mid
KR0000225050,KR7225050004,TIGER 유로스탁스레버리지(합성 H),해외주식(미국),ETF,3,high
KR00000015K0,KR70015K0003,TIGER 미국소비트렌드액티브,해외주식(미국),ETF,3,high
KR0000256450,KR7256450008,PLUS 심천차이넥스트(합성),해외주식(미국),ETF,3,mid
KR0000252420,KR7252420005,RISE 200선물인버스2X,파생(인버스),ETF,4,mid
KR0000316300,KR7316300003,ACE 싱가포르리츠,단기자금/MMF,ETF,1,mid
KR0000227550,KR7227550001,TIGER 200 산업재,해외주식,ETF,3,low
KR0000438740,KR7438740003,마이다스 중소형액티브,해외주식,ETF,3,mid
KR0000189400,KR7189400005,PLUS 글로벌MSCI(합성 H),해외주식(미국),ETF,3,mid
KR00000128D0,KR70128D0006,PLUS 차이나항셍테크위클리타겟커버드콜,해외주식(미국),ETF,3,mid
KR0000304670,KR7304670003,KODEX 미국30년국채울트라선물인버스(H),채권/금리,ETF,1,high
KR0000291890,KR7291890002,KODEX MSCI EM선물(H),해외주식(미국),ETF,3,high
KR0000413220,KR7413220005,SOL 차이나태양광CSI(합성),해외주식(미국),ETF,3,mid
KR0000474390,KR7474390002,SOL 국고채30년액티브,채권/금리,ETF,1,mid
KR0000205720,KR7205720006,ACE 일본TOPIX인버스(합성 H),해외주식(미국),ETF,3,mid
KR0000289670,KR7289670002,PLUS 국채선물10년,채권/금리,ETF,1,mid
KR0000267440,KR7267440006,RISE 미국장기국채선물(H),채권/금리,ETF,1,mid
KR0000456200,KR7456200005,PLUS 미국달러SOFR금리액티브(합성),채권/금리,ETF,1,mid
KR0000139290,KR7139290001,TIGER 200 경기소비재,해외주식,ETF,3,low
KR0000261060,KR7261060008,TIGER 코스닥150IT,해외주식,ETF,3,low
KR0000407310,KR7407310002,HANARO 200 TOP10,국내주식,ETF,2,mid
KR0000472350,KR7472350008,1Q 차이나H(H),해외주식(미국),ETF,3,mid
KR0000225030,KR7225030006,TIGER 미국S&P500선물인버스(H),해외주식(미국),ETF,3,high
KR0000427120,KR7427120001,RISE AI플랫폼,해외주식,ETF,3,mid
KR0000301400,KR7301400008,PLUS 코스닥150,국내주식,ETF,2,mid
KR0000401590,KR7401590005,HANARO 글로벌탄소배출권선물ICE(합성),해외주식(미국),ETF,3,mid
KR0000460280,KR7460280001,KIWOOM Fn유전자혁신기술,해외주식,ETF,3,mid
KR0000483030,KR7483030003,KIWOOM 미국블록버스터바이오테크의약품+,해외주식(미국),ETF,3,mid
KR0000381570,KR7381570001,HANARO Fn친환경에너지,해외주식,ETF,3,mid
KR0000139240,KR7139240006,TIGER 200 철강소재,해외주식,ETF,3,low
KR0000498610,KR7498610005,RISE 인도디지털성장,해외주식(미국),ETF,3,mid
KR0000400580,KR7400580007,SOL 유럽탄소배출권선물S&P(H),해외주식(미국),ETF,3,mid
KR0000394350,KR7394350003,KIWOOM 글로벌퓨처모빌리티,해외주식(미국),ETF,3,mid
KR0000227570,KR7227570009,TIGER 우량가치,해외주식,ETF,3,mid
KR0000244670,KR7244670006,KODEX 밸류Plus,해외주식,ETF,3,mid
KR0000266390,KR7266390004,KODEX 경기소비재,해외주식,ETF,3,mid
KR0000402460,KR7402460000,HANARO Fn K-메타버스MZ,해외주식,ETF,3,mid
KR0000404540,KR7404540007,TIGER KRX기후변화솔루션,해외주식,ETF,3,mid
KR0000437370,KR7437370000,RISE 글로벌농업경제,해외주식(미국),ETF,3,mid
KR0000314700,KR7314700006,HANARO 농업융복합산업,해외주식,ETF,3,mid
KR0000476310,KR7476310008,RISE 글로벌비만산업TOP2+,해외주식(미국),ETF,3,mid
KR0000469530,KR7469530000,RISE 미국달러선물인버스,파생(인버스),ETF,4,mid
KR0000315270,KR7315270009,TIGER 200커뮤니케이션서비스,해외주식,ETF,3,low
KR0000261920,KR7261920003,ACE MSCI필리핀(합성),해외주식(미국),ETF,3,mid
KR0000138920,KR7138920004,KODEX 콩선물(H),원자재,ETF,3,high
KR0000395750,KR7395750003,PLUS ESG가치주액티브,해외주식,ETF,3,mid
KR0000461580,KR7461580003,TIGER 코스닥글로벌,국내주식,ETF,2,low
KR0000482030,KR7482030004,KoAct 반도체&2차전지핵심소재액티브,해외주식,ETF,3,mid
KR00000050E0,KR70050E0007,PLUS 미국AI에이전트,해외주식(미국),ETF,3,mid
KR0000267490,KR7267490001,RISE 미국장기국채선물레버리지(합성 H),채권/금리,ETF,1,mid
KR0000476000,KR7476000005,UNICORN 포스트IPO액티브,해외주식,ETF,3,mid
KR0000267450,KR7267450005,RISE 미국장기국채선물인버스(H),채권/금리,ETF,1,mid
KR0000373790,KR7373790005,KIWOOM 미국방어배당성장나스닥,해외주식(미국),ETF,3,mid
KR0000220130,KR7220130009,SOL 차이나강소기업CSI500(합성 H),해외주식(미국),ETF,3,mid
KR0000441330,KR7441330008,KIWOOM 차이나A50커넥트MSCI,해외주식(미국),ETF,3,mid
KR0000321410,KR7321410003,KODEX 멀티에셋하이인컴(H),단기자금/MMF,ETF,1,mid
KR0000397420,KR7397420001,RISE 국채선물5년추종,채권/금리,ETF,1,mid
KR0000407300,KR7407300003,HANARO Fn골프테마,해외주식,ETF,3,mid
KR0000217770,KR7217770007,TIGER 원유선물인버스(H),원자재,ETF,3,high
KR0000174350,KR7174350009,TIGER 로우볼,해외주식,ETF,3,mid
KR0000491630,KR7491630000,RISE 미국반도체인버스(합성 H),해외주식(미국),ETF,3,mid
KR0000243890,KR7243890001,TIGER 200에너지화학레버리지,해외주식,ETF,3,high
KR0000454180,KR7454180001,KIWOOM 차이나내수소비TOP CSI,해외주식(미국),ETF,3,mid
KR0000244660,KR7244660007,KODEX 퀄리티Plus,해외주식,ETF,3,mid
KR0000226380,KR7226380004,ACE Fn성장소비주도주,해외주식,ETF,3,mid
KR0000227560,KR7227560000,TIGER 200 생활소비재,해외주식,ETF,3,low
KR0000306530,KR7306530007,HANARO 코스닥150선물레버리지,파생(인버스),ETF,4,mid
KR0000277650,KR7277650008,TIGER 코스피중형주,해외주식,ETF,3,low
KR0000291680,KR7291680007,RISE 차이나H선물인버스(H),해외주식(미국),ETF,3,mid
KR0000266550,KR7266550003,PLUS 중형주저변동50,해외주식,ETF,3,mid
KR0000238670,KR7238670004,PLUS 스마트베타Quality채권혼합,단기자금/MMF,ETF,1,mid
KR0000488210,KR7488210006,KIWOOM K-반도체북미공급망,해외주식,ETF,3,mid
KR0000252000,KR7252000005,TIGER 200동일가중,국내주식,ETF,2,low
KR0000426330,KR7426330007,KIWOOM 미국ETF산업STOXX,해외주식(미국),ETF,3,mid
KR0000291630,KR7291630002,KIWOOM 코스닥150선물레버리지,파생(인버스),ETF,4,mid
KR0000470310,KR7470310004,UNICORN 생성형AI강소기업액티브,해외주식,ETF,3,mid
KR0000253230,KR7253230007,KIWOOM 200선물인버스2X,파생(인버스),ETF,4,mid
KR0000280940,KR7280940008,KODEX 골드선물인버스(H),원자재,ETF,3,high
KR0000291620,KR7291620003,KIWOOM 코스닥150선물인버스,파생(인버스),ETF,4,mid
KR0000252410,KR7252410006,RISE 200선물인버스,파생(인버스),ETF,4,mid
KR0000481200,KR7481200004,SOL 미국테크TOP10인버스(합성),해외주식(미국),ETF,3,mid
KR0000145670,KR7145670006,ACE 인버스,파생(인버스),ETF,4,mid
KR0000253160,KR7253160006,PLUS 200선물인버스2X,파생(인버스),ETF,4,mid
KR0000275750,KR7275750008,RISE 코스닥150선물인버스,파생(인버스),ETF,4,mid
KR0000412560,KR7412560005,TIGER BBIG레버리지,해외주식,ETF,3,high
KR0000253240,KR7253240006,KIWOOM 200선물인버스,파생(인버스),ETF,4,mid
KR0000334700,KR7334700002,RISE 팔라듐선물인버스(H),원자재,ETF,3,mid
KR0000465620,KR7465620003,ACE 미국빅테크TOP7 Plus인버스(합성),해외주식(미국),ETF,3,mid
KR0000306520,KR7306520008,HANARO 200선물인버스,파생(인버스),ETF,4,mid
KR0000301410,KR7301410007,PLUS 코스닥150선물인버스,파생(인버스),ETF,4,mid
